Qiymet,sign,Sheher,Marka,Model,Buraxilish_ili,Ban_novu,Reng,Muherrik_hecm,Muherrik_guc,Yanacaq_novu,Yurush,Suret_qutusu,Oturucu,Yeni,barter_mumkundurmu
40000,$,Bakı,Lexus,LX 570,2008,Offroader / SUV,Ağ,5.7,383,Benzin,132000,Avtomat,Tam,Xeyr,Bəli
225500,$,Bakı,Mercedes-Maybach,S 500,2018,Sedan,Qara,4.7,475,Benzin,0,Avtomat,Arxa,Bəli,Bəli
69000,€,Bakı,BMW,X5,2018,Offroader / SUV,Qara,3,340,Benzin,0,Avtomat,Tam,Bəli,Xeyr
23900,AZN,Bakı,Kia,Cerato,2014,Sedan,Ağ,1.6,136,Dizel,99000,Avtomat,Ön,Xeyr,Bəli
159000,$,Bakı,Bentley,Continental,2015,Kupe,Boz,5.7,630,Benzin,11000,Avtomat,Tam,Xeyr,Xeyr
25000,$,Bakı,Hyundai,Sonata,2017,Sedan,Ağ,2,245,Benzin,5400,Avtomat,Ön,Xeyr,Xeyr
58000,$,Bakı,Mercedes,Viano,2013,Van,Qara,3.5,278,Benzin,28970,Avtomat,Arxa,Xeyr,Bəli
20500,AZN,Bakı,Hyundai,Sonata,2012,Sedan,Qara,2,165,Qaz,232000,Avtomat,Ön,Xeyr,Xeyr
18500,AZN,Bakı,Mercedes,S 500,1992,Sedan,Qara,5,326,Benzin,217000,Avtomat,Arxa,Xeyr,Xeyr
99999,$,Bakı,Porsche,Panamera,2017,Hetçbek / Liftbek,Boz,3,330,Benzin,15000,Avtomat,Tam,Xeyr,Xeyr
19999,$,Bakı,Mercedes,S 350,2006,Sedan,Qara,3.5,272,Benzin,71000,Avtomat,Arxa,Xeyr,Xeyr
9500,AZN,Bakı,LADA (VAZ),Granta,2013,Sedan,Ağ,1.6,82,Benzin,151000,Mexaniki,Ön,Xeyr,Xeyr
2600,AZN,Bakı,LADA (VAZ),2106,1983,Sedan,Yaşıl,1.5,65,Benzin,200000,Mexaniki,Arxa,Xeyr,Xeyr
8700,AZN,Bakı,Mercedes,C 230,1997,Sedan,Ağ,2.3,150,Benzin,309000,Avtomat,Arxa,Xeyr,Bəli
51000,AZN,Bakı,Mercedes,S 63 AMG,2008,Sedan,Qara,6.3,525,Benzin,75000,Avtomat,Arxa,Xeyr,Xeyr
7000,AZN,Qəbələ,LADA (VAZ),2107,2008,Sedan,Ağ,1.6,75,Benzin,65000,Mexaniki,Arxa,Xeyr,Xeyr
5200,AZN,Bakı,LADA (VAZ),2109,1989,Hetçbek / Liftbek,Qırmızı,1.5,65,Benzin,185000,Mexaniki,Ön,Xeyr,Bəli
23800,AZN,Bakı,Mercedes,E 220,2006,Sedan,Qara,2.2,170,Dizel,259000,Avtomat,Arxa,Xeyr,Xeyr
14700,AZN,Bakı,Renault,Megane Scenic,2008,Minivan,Ağ,1.5,90,Dizel,230230,Mexaniki,Ön,Xeyr,Xeyr
11800,AZN,Bakı,Great Wall,Voleex C30,2014,Sedan,Gümüşü,1.5,106,Benzin,155140,Mexaniki,Ön,Xeyr,Xeyr
4300,AZN,Bakı,Daewoo,Nexia,1997,Sedan,Ağ,1.5,80,Benzin,200000,Mexaniki,Ön,Xeyr,Xeyr
35000,AZN,Bakı,Toyota,Prado,2007,Offroader / SUV,Qara,4,250,Benzin,143000,Avtomat,Tam,Xeyr,Xeyr
23000,$,Bakı,Hyundai,Santa Fe,2014,Offroader / SUV,Qara,2.4,176,Benzin,105000,Avtomat,Tam,Xeyr,Xeyr
4900,AZN,Bakı,LADA (VAZ),2106,2003,Sedan,Yaşıl,1.6,75,Benzin,290000,Mexaniki,Arxa,Xeyr,Xeyr
28500,AZN,Bakı,Hyundai,Elantra,2016,Sedan,Ağ,2,150,Benzin,5000,Avtomat,Ön,Xeyr,Bəli
11400,AZN,Bakı,Opel,Astra,2004,Hetçbek / Liftbek,Gümüşü,1.8,136,Benzin,267000,Avtomat,Ön,Xeyr,Xeyr
20400,AZN,Bakı,Hyundai,ix35,2010,Offroader / SUV,Ağ,2,163,Benzin,153000,Avtomat,Ön,Xeyr,Xeyr
22800,AZN,Lənkəran,Mitsubishi,Pajero,2007,Offroader / SUV,Ağ,3,190,Benzin,226000,Avtomat,Tam,Xeyr,Xeyr
6800,AZN,Sumqayıt,LADA (VAZ),2107,2011,Sedan,Ağ,1.6,75,Benzin,90000,Mexaniki,Arxa,Xeyr,Xeyr
12400,AZN,Bakı,Renault,Megane,2007,Universal,Qara,1.5,106,Dizel,184000,Mexaniki,Ön,Xeyr,Bəli
81500,$,Sumqayıt,Land Rover,Range Rover,2013,Offroader / SUV,Qara,3,248,Dizel,145000,Avtomat,Tam,Xeyr,Bəli
28300,AZN,Bakı,Mercedes,E 280,2008,Sedan,Qəhvəyi,3,231,Dizel,163000,Avtomat,Arxa,Xeyr,Xeyr
6000,AZN,İsmayıllı,GAZ,31105,2004,Sedan,Gümüşü,2.3,131,Benzin,138000,Mexaniki,Arxa,Xeyr,Xeyr
9700,AZN,Bakı,Mercedes,E 220,1995,Sedan,Qara,2.2,150,Benzin,414433,Avtomat,Arxa,Xeyr,Xeyr
20650,AZN,Bakı,Hyundai,Elantra,2015,Sedan,Qara,1.8,150,Benzin,59000,Avtomat,Ön,Xeyr,Xeyr
5700,AZN,Bakı,Mercedes,190,1990,Sedan,Qara,2,122,Benzin,389000,Mexaniki,Arxa,Xeyr,Xeyr
22500,$,Bakı,BMW,X6,2008,Offroader / SUV,Qara,3,306,Benzin,157000,Avtomat,Tam,Xeyr,Xeyr
44100,AZN,Bakı,GAZ,Next A65R32-40,2018,Mikroavtobus,Ağ,2.8,149,Dizel,0,Mexaniki,Arxa,Bəli,Xeyr
57500,$,Bakı,Mercedes,CLS 400,2016,Sedan,Ağ,3,333,Benzin,16600,Avtomat,Arxa,Xeyr,Bəli
77200,$,Bakı,Toyota,Land Cruiser,2018,Offroader / SUV,Ağ,4,282,Benzin,0,Avtomat,Tam,Bəli,Bəli
22000,$,Bakı,Lexus,LX 470,2007,Offroader / SUV,Qara,4.7,268,Benzin,185000,Avtomat,Arxa,Xeyr,Xeyr
13950,AZN,Bakı,Volkswagen,Passat,2007,Universal,Mavi,2,140,Dizel,337000,Mexaniki,Ön,Xeyr,Xeyr
8800,AZN,Bakı,Mercedes,C 220,1996,Sedan,Ağ,2.2,146,Benzin,350000,Avtomat,Arxa,Xeyr,Bəli
21900,AZN,Bakı,Hyundai,i30,2013,Hetçbek / Liftbek,Gümüşü,1.6,132,Benzin,132000,Avtomat,Ön,Xeyr,Xeyr
20500,AZN,Bakı,Hyundai,Elantra,2012,Sedan,Gümüşü,1.8,150,Benzin,131000,Avtomat,Ön,Xeyr,Xeyr
16800,AZN,Bakı,Hyundai,Tucson,2006,Offroader / SUV,Qara,2,142,Benzin,165500,Avtomat,Tam,Xeyr,Xeyr
26900,AZN,Bakı,Kia,Optima,2015,Sedan,Qara,2.4,181,Benzin,28000,Avtomat,Ön,Xeyr,Xeyr
39000,$,Bakı,BMW,X5 M,2011,Offroader / SUV,Göy,4.4,555,Benzin,130000,Avtomat,Tam,Xeyr,Xeyr
7700,AZN,Bakı,Opel,Astra,1999,Universal,Göy,1.6,101,Benzin,411500,Mexaniki,Ön,Xeyr,Xeyr
3300,AZN,Gəncə,GAZ,3110,2002,Sedan,Gümüşü,2.4,131,Benzin,405000,Mexaniki,Arxa,Xeyr,Xeyr
3200,AZN,Bakı,Opel,Omega,1994,Sedan,Boz,2,136,Benzin,350000,Avtomat,Arxa,Xeyr,Xeyr
11000,AZN,Bakı,LADA (VAZ),Niva,2015,Offroader / SUV,Ağ,1.7,80,Benzin,59000,Mexaniki,Tam,Xeyr,Xeyr
19500,AZN,Bakı,Hyundai,Elantra,2011,Sedan,Qara,1.8,150,Benzin,83000,Avtomat,Ön,Xeyr,Xeyr
15500,AZN,Sumqayıt,Mercedes,E 350,2005,Sedan,Qara,3.5,272,Benzin,217500,Avtomat,Arxa,Xeyr,Xeyr
11600,AZN,Bakı,Chery,Tiggo,2013,Offroader / SUV,Ağ,1.8,160,Benzin,101220,Avtomat,Ön,Xeyr,Xeyr
4700,AZN,Bakı,LADA (VAZ),2107,2003,Sedan,Ağ,1.6,75,Benzin,160000,Mexaniki,Arxa,Xeyr,Xeyr
23000,AZN,Qax,Ford,Transit,2010,Furqon,Ağ,2.4,240,Dizel,250000,Mexaniki,Arxa,Xeyr,Bəli
7500,AZN,Sumqayıt,LADA (VAZ),2115,2011,Sedan,Yaş Asfalt,1.6,80,Benzin,160000,Mexaniki,Ön,Xeyr,Xeyr
2900,AZN,Ağsu,LADA (VAZ),2107,1996,Sedan,Bej,1.5,65,Benzin,98000,Mexaniki,Arxa,Xeyr,Xeyr
8900,AZN,Bakı,BMW,318,1998,Sedan,Ağ,1.9,118,Benzin,300000,Mexaniki,Arxa,Xeyr,Xeyr
19500,AZN,Xaçmaz,LADA (VAZ),Niva,2018,Offroader / SUV,Göy,1.7,80,Benzin,1700,Mexaniki,Tam,Xeyr,Xeyr
24600,AZN,Sumqayıt,Kia,Optima,2012,Sedan,Ağ,2.4,180,Benzin,107222,Avtomat,Ön,Xeyr,Xeyr
25000,$,Bakı,Toyota,Prado,2007,Offroader / SUV,Boz,4,248,Benzin,210000,Avtomat,Arxa,Xeyr,Xeyr
5800,AZN,Bakı,Mercedes,190,1991,Sedan,Bənövşəyi,1.8,109,Benzin,350000,Avtomat,Arxa,Xeyr,Xeyr
4300,AZN,Bakı,LADA (VAZ),2107,2003,Sedan,Ağ,1.5,65,Benzin,158000,Mexaniki,Arxa,Xeyr,Xeyr
20000,AZN,Bakı,Ford,Transit,2008,Furqon,Ağ,2.4,140,Dizel,274890,Mexaniki,Arxa,Xeyr,Xeyr
2250,AZN,Bakı,LADA (VAZ),21011,1980,Sedan,Göy,1.5,65,Benzin,150000,Mexaniki,Arxa,Xeyr,Xeyr
9600,AZN,Bakı,Mitsubishi,Pajero,1996,Offroader / SUV,Ağ,2.8,125,Dizel,228000,Avtomat,Tam,Xeyr,Xeyr
29900,$,Bakı,Lexus,ES 250,2013,Sedan,Qara,2.5,184,Benzin,77000,Avtomat,Ön,Xeyr,Xeyr
8300,AZN,Bakı,Opel,Astra,1999,Sedan,Göy,1.6,101,Benzin,316235,Mexaniki,Ön,Xeyr,Xeyr
26000,AZN,Bakı,DAF,75CF,2002,Dartqı,Göy,12,360,Dizel,860000,Mexaniki,Arxa,Xeyr,Xeyr
20500,AZN,Bakı,Hyundai,Elantra,2013,Sedan,Gümüşü,1.8,150,Benzin,49000,Avtomat,Ön,Xeyr,Xeyr
112000,$,Bakı,BMW,750,2016,Sedan,Qara,4.4,447,Benzin,53000,Avtomat,Arxa,Xeyr,Xeyr
108500,$,Bakı,BMW,X5 M,2016,Offroader / SUV,Qara,4.4,575,Benzin,41000,Avtomat,Tam,Xeyr,Bəli
18000,AZN,Bakı,LADA (VAZ),Priora,2018,Sedan,Qəhvəyi,1.6,106,Benzin,0,Mexaniki,Ön,Bəli,Xeyr
39600,$,Bakı,Jeep,Grand Cherokee,2014,Offroader / SUV,Ağ,3,241,Dizel,55000,Avtomat,Tam,Xeyr,Xeyr
69900,$,Bakı,Mercedes,E 300,2017,Sedan,Qara,2,250,Benzin,27000,Avtomat,Arxa,Xeyr,Xeyr
7300,AZN,Bakı,Opel,Vectra,1999,Sedan,Ağ,1.8,125,Benzin,290000,Avtomat,Ön,Xeyr,Xeyr
63500,$,Bakı,Audi,Q7,2015,Offroader / SUV,Ağ,3,333,Benzin,38400,Avtomat,Tam,Xeyr,Xeyr
19500,AZN,Bakı,BMW,X5,2005,Offroader / SUV,Qara,3,231,Benzin,280000,Avtomat,Tam,Xeyr,Xeyr
17000,AZN,Şəki,Ford,Transit,1998,Furqon,Ağ,2.5,140,Dizel,390500,Mexaniki,Arxa,Xeyr,Xeyr
22200,AZN,Bakı,Hyundai,Elantra,2014,Sedan,Gümüşü,1.8,150,Benzin,102234,Avtomat,Ön,Xeyr,Xeyr
52000,$,Bakı,BMW,650,2012,Sedan,Göy,4.4,500,Benzin,59800,Avtomat,Arxa,Xeyr,Xeyr
42700,$,Bakı,Toyota,Camry,2018,Sedan,Qara,2.5,181,Benzin,0,Avtomat,Ön,Bəli,Xeyr
4200,AZN,Bakı,LADA (VAZ),2107,2004,Sedan,Ağ,1.6,75,Benzin,148905,Mexaniki,Arxa,Xeyr,Xeyr
19900,$,Sumqayıt,Volkswagen,Amarok,2012,Pikap,Ağ,2,180,Dizel,197900,Avtomat,Tam,Xeyr,Xeyr
11500,AZN,Bakı,BMW,328,2002,Sedan,Mavi,2.8,193,Benzin,356423,Avtomat,Tam,Xeyr,Bəli
36500,$,Bakı,Mercedes,Viano,2013,Minivan,Ağ,3,228,Dizel,73000,Avtomat,Arxa,Xeyr,Bəli
72000,$,Bakı,BMW,540,2018,Sedan,Boz,3,340,Benzin,21000,Avtomat,Tam,Xeyr,Xeyr
4900,AZN,Bakı,Mercedes,400 SEL,1991,Sedan,Yaş Asfalt,4.2,286,Benzin,250000,Avtomat,Arxa,Xeyr,Bəli
14700,AZN,Sumqayıt,Mercedes,E 220,2003,Sedan,Qara,2.2,200,Dizel,325000,Avtomat,Arxa,Xeyr,Xeyr
26500,$,Sumqayıt,BMW,428,2015,Kupe,Qara,2,258,Benzin,52000,Avtomat,Arxa,Xeyr,Bəli
6400,AZN,Bakı,Mercedes,190,1992,Sedan,Qırmızı,1.8,122,Benzin,286495,Avtomat,Arxa,Xeyr,Xeyr
6200,AZN,Şamaxı,LADA (VAZ),2107,2008,Sedan,Ağ,1.6,75,Benzin,145000,Mexaniki,Arxa,Xeyr,Xeyr
42500,$,Bakı,Lexus,RX 350,2015,Offroader / SUV,Ağ,3.5,277,Benzin,57000,Avtomat,Tam,Xeyr,Xeyr
28000,AZN,Bakı,Nissan,X-Trail,2012,Offroader / SUV,Ağ,2.5,175,Benzin,110000,Avtomat,Tam,Xeyr,Xeyr
25500,AZN,Bakı,Kia,Optima,2013,Sedan,Ağ,2,170,Benzin,133200,Avtomat,Ön,Xeyr,Xeyr
20500,AZN,Bakı,BMW,X5,2005,Offroader / SUV,Ağ,3,231,Benzin,153000,Avtomat,Tam,Xeyr,Bəli
12000,AZN,Bakı,Mercedes,C 280,1999,Sedan,Gümüşü,2.8,193,Benzin,136700,Avtomat,Arxa,Xeyr,Xeyr
67000,AZN,Sumqayıt,Mercedes,E 220,1993,Sedan,Gümüşü,2.2,150,Benzin,220000,Avtomat,Ön,Xeyr,Xeyr
16800,AZN,Bakı,Mercedes,E 350,2005,Sedan,Gümüşü,3.5,275,Benzin,252000,Avtomat,Tam,Xeyr,Xeyr
9600,AZN,Cəlilabad,LADA (VAZ),2115,2012,Sedan,Qara,1.6,80,Benzin,60000,Mexaniki,Ön,Xeyr,Xeyr
22700,$,Bakı,BMW,528,2012,Sedan,Qara,2,245,Benzin,140000,Avtomat,Arxa,Xeyr,Xeyr
14800,AZN,Bakı,Hyundai,Sonata,2006,Sedan,Qara,2.4,170,Benzin,199000,Mexaniki,Ön,Xeyr,Xeyr
13000,AZN,Bakı,Mercedes,E 200,2001,Sedan,Göy,2,136,Benzin,159000,Avtomat,Arxa,Xeyr,Xeyr
30700,$,Bakı,Mitsubishi,Pajero,2014,Offroader / SUV,Ağ,3.2,200,Dizel,97500,Avtomat,Tam,Xeyr,Xeyr
8400,AZN,Bakı,LADA (VAZ),2115,2011,Sedan,Qara,1.5,75,Benzin,184000,Mexaniki,Ön,Xeyr,Xeyr
7800,AZN,Şəki,LADA (VAZ),2115,2011,Sedan,Gümüşü,1.6,75,Benzin,151000,Mexaniki,Ön,Xeyr,Xeyr
28700,$,Bakı,Infiniti,Q50,2016,Sedan,Qara,2.2,170,Dizel,9000,Avtomat,Ön,Xeyr,Xeyr
11800,AZN,Bakı,LADA (VAZ),Niva,2014,Offroader / SUV,Göy,1.7,80,Benzin,83000,Mexaniki,Tam,Xeyr,Bəli
55500,$,Bakı,Lexus,LX 570,2012,Offroader / SUV,Ağ,5.7,388,Benzin,106600,Avtomat,Tam,Xeyr,Bəli
46800,$,Bakı,Land Rover,Discovery,2014,Offroader / SUV,Boz,3,249,Benzin,83000,Avtomat,Tam,Xeyr,Bəli
17500,AZN,Bakı,Suzuki,XL7,2006,Offroader / SUV,Ağ,3.6,280,Benzin,178000,Avtomat,Tam,Xeyr,Bəli
16600,$,Bakı,Volkswagen,Passat,2016,Sedan,Qara,1.8,180,Benzin,55000,Avtomat,Ön,Xeyr,Xeyr
66000,$,Bakı,Porsche,Panamera GTS,2014,Hetçbek / Liftbek,Ağ,4.8,440,Benzin,80000,Avtomat,Tam,Xeyr,Xeyr
62500,$,Bakı,Lexus,LX 570,2012,Offroader / SUV,Ağ,5.7,383,Benzin,87000,Avtomat,Tam,Xeyr,Xeyr
19900,AZN,Bakı,Nissan,Juke,2012,Offroader / SUV,Qara,1.6,93,Benzin,85000,Avtomat,Ön,Xeyr,Xeyr
51500,$,Bakı,Land Rover,Range Rover,2012,Offroader / SUV,Qara,5,510,Benzin,80000,Avtomat,Tam,Xeyr,Xeyr
33800,$,Bakı,Toyota,Land Cruiser,2008,Offroader / SUV,Yaş Asfalt,4.7,288,Benzin,145000,Avtomat,Tam,Xeyr,Xeyr
13700,AZN,Bakı,Hyundai,i30,2008,Hetçbek / Liftbek,Qara,1.6,130,Benzin,152301,Avtomat,Ön,Xeyr,Xeyr
14000,AZN,Bakı,Hyundai,Elantra,2008,Sedan,Ağ,1.6,110,Benzin,172000,Avtomat,Ön,Xeyr,Xeyr
4800,AZN,Bakı,Opel,Omega,1995,Sedan,Boz,2,136,Benzin,299259,Avtomat,Arxa,Xeyr,Bəli
7700,AZN,Bakı,LADA (VAZ),2107,2008,Sedan,Ağ,1.6,75,Benzin,189500,Mexaniki,Arxa,Xeyr,Bəli
16000,AZN,Bakı,Chevrolet,Cruze,2013,Sedan,Yaş Asfalt,1.4,141,Benzin,138000,Avtomat,Ön,Xeyr,Xeyr
19300,AZN,Bakı,Kia,Sportage,2008,Offroader / SUV,Qəhvəyi,2,142,Benzin,175500,Avtomat,Tam,Xeyr,Xeyr
1700,AZN,Yevlax,LADA (VAZ),21011,1977,Sedan,Narıncı,1.3,65,Benzin,100000,Mexaniki,Arxa,Xeyr,Xeyr
20700,$,Gəncə,Mercedes,Vito 113,2012,Van,Ağ,2.2,136,Dizel,226000,Mexaniki,Ön,Xeyr,Xeyr
17800,AZN,Bakı,Mercedes,E 220,2002,Sedan,Yaş Asfalt,2.2,170,Dizel,238000,Avtomat,Arxa,Xeyr,Xeyr
13300,AZN,Bakı,Renault,Laguna,2007,Universal,Yaş Asfalt,1.9,134,Dizel,215000,Mexaniki,Ön,Xeyr,Bəli
20500,$,Bakı,Mercedes,Vito,2011,Van,Qara,2.2,160,Dizel,237000,Mexaniki,Arxa,Xeyr,Xeyr
18200,$,Bakı,Toyota,Camry,2014,Sedan,Yaş Asfalt,2.5,181,Benzin,59000,Avtomat,Ön,Xeyr,Xeyr
22700,AZN,Bakı,Hyundai,Sonata,2013,Sedan,Yaş Asfalt,2,274,Benzin,70226,Avtomat,Ön,Xeyr,Xeyr
15900,AZN,Bakı,Mercedes,E 220,2000,Sedan,Gümüşü,2.2,167,Dizel,313000,Avtomat,Arxa,Xeyr,Xeyr
12000,AZN,Bakı,Ford,Transit,2003,Furqon,Gümüşü,1.8,80,Dizel,238235,Mexaniki,Arxa,Xeyr,Xeyr
7900,AZN,Bakı,Opel,Astra,1999,Universal,Yaşıl,1.6,105,Benzin,298000,Mexaniki,Ön,Xeyr,Xeyr
10300,AZN,Bakı,Ford,Galaxy,1999,Minivan,Ağ,1.6,110,Dizel,2563856,Avtomat,Tam,Xeyr,Xeyr
13300,AZN,Naxçıvan,LADA (VAZ),Niva,2016,Offroader / SUV,Göy,1.7,80,Benzin,64000,Mexaniki,Arxa,Xeyr,Bəli
2400,AZN,Şamaxı,LADA (VAZ),2106,1987,Sedan,Bej,1.5,65,Benzin,38465,Mexaniki,Arxa,Xeyr,Bəli
2350,AZN,Şəki,LADA (VAZ),21011,1982,Sedan,Ağ,1.3,65,Benzin,180000,Mexaniki,Arxa,Xeyr,Xeyr
42500,$,Bakı,Toyota,Camry,2018,Sedan,Qara,2.5,181,Benzin,0,Avtomat,Ön,Bəli,Bəli
20000,AZN,Bakı,Chevrolet,Cruze,2017,Sedan,Ağ,1.4,153,Benzin,10750,Avtomat,Ön,Xeyr,Xeyr
14500,AZN,Bakı,Kia,Cerato,2010,Sedan,Qara,2,150,Benzin,80000,Avtomat,Ön,Xeyr,Xeyr
10600,AZN,Bakı,LADA (VAZ),Niva,2013,Offroader / SUV,Göy,1.7,80,Benzin,85500,Mexaniki,Tam,Xeyr,Xeyr
25500,AZN,Xırdalan,Chevrolet,Camaro,2010,Kupe,Yaşıl,3.6,335,Benzin,130000,Mexaniki,Arxa,Xeyr,Xeyr
116000,$,Bakı,Mercedes,S 63 AMG,2014,Sedan,Qara,6.3,585,Benzin,95000,Avtomat,Tam,Xeyr,Xeyr
42500,$,Bakı,Toyota,Camry,2018,Sedan,Ağ,2.5,181,Benzin,0,Avtomat,Ön,Bəli,Bəli
157000,$,Bakı,Rolls-Royce,Phantom,2006,Sedan,Ağ,6.5,620,Benzin,23500,Avtomat,Arxa,Xeyr,Bəli
18000,AZN,Bakı,LADA (VAZ),Priora,2018,Sedan,Qəhvəyi,1.6,106,Benzin,0,Mexaniki,Ön,Bəli,Xeyr
24200,$,Bakı,Toyota,Prado,2008,Offroader / SUV,Qara,3,190,Dizel,165000,Avtomat,Tam,Xeyr,Xeyr
24500,$,Bakı,Toyota,Camry,2016,Sedan,Boz,2.5,202,Hibrid,12339,Avtomat,Ön,Xeyr,Bəli
13000,$,Bakı,Kia,Cerato,2013,Sedan,Tünd qırmızı,1.6,140,Benzin,61000,Avtomat,Ön,Xeyr,Xeyr
20500,AZN,Bakı,Hyundai,Elantra,2012,Sedan,Gümüşü,1.8,150,Benzin,131000,Avtomat,Ön,Xeyr,Xeyr
9700,AZN,Xaçmaz,Mercedes,C 200,2000,Sedan,Göy,2,164,Benzin,214000,Avtomat,Arxa,Xeyr,Bəli
8500,AZN,Bakı,LADA (VAZ),2101,1974,Sedan,Göy,1.3,65,Benzin,48000,Mexaniki,Arxa,Xeyr,Xeyr
40000,$,Bakı,Maserati,Quattroporte,2012,Sedan,Qara,4.7,440,Benzin,94000,Avtomat,Arxa,Xeyr,Bəli
9700,AZN,Bakı,Hyundai,Sonata,2004,Sedan,Göy,2,131,Benzin,185053,Avtomat,Ön,Xeyr,Bəli
20500,$,Bakı,Mercedes,E 220,2012,Sedan,Ağ,2.2,204,Dizel,156000,Avtomat,Arxa,Xeyr,Xeyr
17800,$,Sumqayıt,BMW,328,2012,Sedan,Qara,2,245,Benzin,145000,Avtomat,Arxa,Xeyr,Bəli
22900,$,Bakı,BMW,528,2010,Sedan,Qara,3,258,Benzin,93100,Avtomat,Arxa,Xeyr,Xeyr
3700,AZN,Sumqayıt,LADA (VAZ),2106,1994,Sedan,Göy,1.5,65,Benzin,254888,Mexaniki,Arxa,Xeyr,Xeyr
14000,AZN,Bakı,Hyundai,Sonata,2006,Sedan,Qara,2.4,175,Benzin,335000,Avtomat,Ön,Xeyr,Xeyr
108700,$,Bakı,Toyota,Land Cruiser,2018,Offroader / SUV,Qara,4.6,309,Benzin,0,Avtomat,Tam,Bəli,Bəli
22000,AZN,Bakı,Nissan,Sentra,2014,Sedan,Qara,1.6,130,Benzin,56300,Avtomat,Ön,Xeyr,Xeyr
8900,AZN,Bakı,LADA (VAZ),Niva,2013,Offroader / SUV,Ağ,1.7,80,Benzin,213000,Mexaniki,Tam,Xeyr,Xeyr
16700,$,Bakı,Nissan,Sentra,2016,Sedan,Ağ,1.6,117,Benzin,11000,Avtomat,Ön,Xeyr,Xeyr
22400,$,Bakı,Hyundai,Santa Fe,2013,Offroader / SUV,Qara,2.4,188,Benzin,72000,Avtomat,Tam,Xeyr,Xeyr
36500,$,Bakı,Lexus,LX 470,2007,Offroader / SUV,Qara,4.7,275,Benzin,42000,Avtomat,Tam,Xeyr,Bəli
21400,$,Bakı,Hyundai,Grandeur,2013,Sedan,Qara,3,250,Benzin,95500,Avtomat,Ön,Xeyr,Xeyr
75700,$,Bakı,Toyota,Land Cruiser,2018,Offroader / SUV,Ağ,4,288,Benzin,0,Avtomat,Tam,Bəli,Xeyr
21400,AZN,Bakı,Kia,Optima,2011,Sedan,Ağ,2,165,Benzin,188000,Avtomat,Ön,Xeyr,Xeyr
8900,AZN,Xırdalan,BMW,523,1999,Sedan,Gümüşü,2.5,170,Benzin,356047,Avtomat,Arxa,Xeyr,Xeyr
5500,AZN,Sumqayıt,Mercedes,E 230,1992,Sedan,Gümüşü,2.3,141,Benzin,241041,Avtomat,Arxa,Xeyr,Xeyr
9800,AZN,Gəncə,Mercedes,E 200,1998,Sedan,Gümüşü,2,136,Benzin,201500,Avtomat,Arxa,Xeyr,Xeyr
8400,AZN,Bakı,Chery,Fulwin 2,2012,Sedan,Qara,1.5,109,Benzin,148000,Avtomat,Ön,Xeyr,Xeyr
4500,AZN,Bakı,Iran Khodro,Azsamand,2005,Sedan,Qırmızı,1.8,110,Benzin,230000,Mexaniki,Ön,Xeyr,Xeyr
21700,$,Bakı,BMW,528,2012,Sedan,Ağ,2,245,Benzin,167000,Avtomat,Arxa,Xeyr,Xeyr
11500,AZN,Sumqayıt,LADA (VAZ),Niva,2015,Offroader / SUV,Göy,1.7,80,Benzin,68000,Mexaniki,Tam,Xeyr,Xeyr
12800,AZN,Bakı,Nissan,Micra,2012,Hetçbek / Liftbek,Narıncı,1.2,95,Benzin,57500,Avtomat,Ön,Xeyr,Xeyr
5100,AZN,Gəncə,LADA (VAZ),2107,2005,Sedan,Ağ,1.5,65,Benzin,436999,Mexaniki,Arxa,Xeyr,Xeyr
32900,$,Bakı,Land Rover,Range Rover,2010,Offroader / SUV,Qara,5,510,Benzin,82000,Avtomat,Tam,Xeyr,Xeyr
116000,$,Bakı,Mercedes,S 63 AMG,2014,Sedan,Qara,6.3,585,Benzin,95000,Avtomat,Tam,Xeyr,Xeyr
82000,$,Bakı,Mercedes,E 300,2018,Sedan,Yaş Asfalt,3,256,Benzin,0,Avtomat,Arxa,Bəli,Bəli
45500,$,Bakı,Porsche,Cayenne Turbo,2012,Offroader / SUV,Ağ,4.8,500,Benzin,86000,Avtomat,Tam,Xeyr,Xeyr
26500,$,Bakı,Mercedes,200,1975,Sedan,Qəhvəyi,2,120,Benzin,72000,Avtomat,Arxa,Xeyr,Xeyr
17000,AZN,Bakı,Honda,Insight,2012,Sedan,Qara,1.3,98,Hibrid,160000,Avtomat,Ön,Xeyr,Xeyr
5500,AZN,Bakı,LADA (VAZ),Niva,1995,Offroader / SUV,Ağ,1.7,80,Benzin,100000,Mexaniki,Arxa,Xeyr,Xeyr
18300,AZN,Bakı,LADA (VAZ),Priora,2017,Sedan,Qara,1.6,106,Benzin,53700,Mexaniki,Ön,Xeyr,Xeyr
28500,$,Bakı,BMW,750,2011,Sedan,Qara,4.4,407,Benzin,139000,Avtomat,Arxa,Xeyr,Xeyr
8500,AZN,Bakı,LADA (VAZ),2101,1974,Sedan,Göy,1.3,65,Benzin,48000,Mexaniki,Arxa,Xeyr,Xeyr
23300,AZN,Bakı,Hyundai,Sonata,2013,Sedan,Boz,2,274,Benzin,66000,Avtomat,Ön,Xeyr,Xeyr
51300,$,Xırdalan,Toyota,Land Cruiser,2013,Offroader / SUV,Ağ,4.5,272,Dizel,62043,Avtomat,Tam,Xeyr,Xeyr
6600,AZN,Bakı,LADA (VAZ),2115,2007,Sedan,Qara,1.5,75,Benzin,157321,Mexaniki,Ön,Xeyr,Xeyr
5800,AZN,Bakı,Hyundai,Getz,2008,Hetçbek / Liftbek,Ağ,1.4,97,Benzin,67000,Avtomat,Ön,Xeyr,Xeyr
18250,AZN,Sumqayıt,Hyundai,Elantra,2011,Sedan,Boz,1.8,150,Benzin,122000,Avtomat,Ön,Xeyr,Xeyr
24500,AZN,Bakı,Mercedes,S 600,1997,Sedan,Qara,3.2,224,Benzin,181000,Avtomat,Arxa,Xeyr,Xeyr
9200,AZN,Sumqayıt,Volkswagen,Passat,2006,Sedan,Qara,2,211,Benzin,220000,Avtomat,Ön,Xeyr,Xeyr
16000,AZN,Bakı,Volkswagen,Passat CC,2009,Kupe,Ağ,1.8,160,Benzin,210000,Avtomat,Ön,Xeyr,Bəli
11000,AZN,Bakı,BMW,528,2000,Sedan,Göy,2.8,193,Benzin,223000,Avtomat,Arxa,Xeyr,Xeyr
23800,$,Bakı,BMW,X6,2008,Offroader / SUV,Qara,4.4,407,Benzin,110000,Avtomat,Tam,Xeyr,Bəli
4300,AZN,Bakı,Daewoo,Espero,1997,Sedan,Göy,2,105,Benzin,366162,Mexaniki,Ön,Xeyr,Xeyr
6300,AZN,Bakı,LADA (VAZ),2107,2009,Sedan,Qəhvəyi,1.6,75,Benzin,150000,Mexaniki,Arxa,Xeyr,Bəli
24000,AZN,Bakı,Changan,Alsvin V7,2018,Sedan,Qara,1.5,126,Benzin,18000,Avtomat,Ön,Xeyr,Xeyr
9000,AZN,Bakı,GAZ,3302-744,2009,Yük maşını,Ağ,2.3,131,Benzin,154000,Mexaniki,Arxa,Xeyr,Xeyr
3800,AZN,Lerik,LADA (VAZ),Niva,1987,Offroader / SUV,Yaşıl,1.7,80,Benzin,202561,Mexaniki,Tam,Xeyr,Xeyr
6200,AZN,Bakı,LADA (VAZ),2107,2010,Sedan,Ağ,1.6,75,Benzin,65000,Mexaniki,Arxa,Xeyr,Xeyr
9800,AZN,Bakı,LADA (VAZ),Niva,2013,Offroader / SUV,Göy,1.7,80,Benzin,90000,Mexaniki,Tam,Xeyr,Bəli
12400,AZN,Masallı,Mercedes,C 220,2001,Sedan,Boz,2.2,136,Dizel,316880,Avtomat,Arxa,Xeyr,Xeyr
8300,AZN,Sumqayıt,BMW,523,1998,Sedan,Gümüşü,2.5,170,Benzin,276324,Avtomat,Arxa,Xeyr,Xeyr
6700,AZN,Bakı,Tofas,Sahin,2006,Sedan,Gümüşü,1.6,86,Benzin,88562,Mexaniki,Arxa,Xeyr,Xeyr
42500,AZN,Bakı,Fiat,Ducato,2016,Furqon,Ağ,2.4,140,Dizel,26000,Mexaniki,Arxa,Xeyr,Xeyr
42700,$,Bakı,Toyota,Camry,2018,Sedan,Qara,2.5,181,Benzin,0,Avtomat,Ön,Bəli,Xeyr
1600,AZN,Salyan,LADA (VAZ),21013,1985,Sedan,Bej,1.3,65,Benzin,234211,Mexaniki,Arxa,Xeyr,Xeyr
128500,$,Bakı,Mercedes,G 63 AMG,2015,Offroader / SUV,Ağ,5.5,571,Benzin,29500,Avtomat,Tam,Xeyr,Bəli
7800,AZN,Bakı,Opel,Astra,1999,Universal,Yaşıl,2,122,Qaz,250000,Mexaniki,Ön,Xeyr,Xeyr
13800,AZN,Bakı,Ford,Escape,2008,Offroader / SUV,Yaş Asfalt,3,180,Benzin,348000,Avtomat,Tam,Xeyr,Xeyr
20000,AZN,Bakı,LADA (VAZ),Vesta,2018,Sedan,Gümüşü,1.8,122,Benzin,0,Mexaniki,Ön,Bəli,Xeyr
100000,$,Bakı,Porsche,Cayenne Turbo,2015,Offroader / SUV,Qara,4.8,520,Benzin,35000,Avtomat,Tam,Xeyr,Xeyr
225500,$,Bakı,Mercedes-Maybach,S 500,2018,Sedan,Qara,4.7,475,Benzin,0,Avtomat,Arxa,Bəli,Bəli
32500,$,Bakı,Land Rover,RR Sport,2010,Offroader / SUV,Qara,5,510,Benzin,105000,Avtomat,Tam,Xeyr,Bəli
13000,$,Bakı,Ford,Transit,2007,Furqon,Tünd qırmızı,2.5,140,Dizel,177450,Mexaniki,Arxa,Xeyr,Xeyr
6300,AZN,Bakı,LADA (VAZ),2107,2010,Sedan,Ağ,1.6,75,Benzin,167000,Mexaniki,Arxa,Xeyr,Xeyr
12800,$,Bakı,Volkswagen,Passat,2013,Sedan,Gümüşü,1.8,185,Benzin,70000,Avtomat,Ön,Xeyr,Xeyr
41500,$,Bakı,Jeep,Grand Cherokee,2014,Offroader / SUV,Qara,3,250,Dizel,71000,Avtomat,Tam,Xeyr,Xeyr
20000,$,Bakı,Porsche,Cayenne Turbo,2007,Offroader / SUV,Ağ,4.8,500,Benzin,114000,Avtomat,Tam,Xeyr,Xeyr
13950,AZN,Bakı,Volkswagen,Passat,2007,Universal,Mavi,2,140,Dizel,337000,Mexaniki,Ön,Xeyr,Xeyr
22500,$,Bakı,Audi,A6,2011,Sedan,Ağ,2.8,204,Benzin,143000,Avtomat,Ön,Xeyr,Xeyr
19900,AZN,Bakı,Fiat,500,2015,Hetçbek / Liftbek,Göy,1.4,100,Benzin,14700,Avtomat,Ön,Xeyr,Bəli
9000,AZN,Bakı,Changan,Benni,2014,Hetçbek / Liftbek,Ağ,1,70,Benzin,101000,Avtomat,Ön,Xeyr,Bəli
4500,AZN,Bakı,Opel,Vectra,1994,Sedan,Boz,1.8,120,Benzin,195236,Avtomat,Ön,Xeyr,Xeyr
10700,AZN,Bakı,Opel,Astra,2006,Universal,Gümüşü,1.4,90,Benzin,200000,Mexaniki,Ön,Xeyr,Xeyr
30500,$,Bakı,Land Rover,Range Rover,2009,Offroader / SUV,Ağ,4.2,396,Benzin,148000,Avtomat,Tam,Xeyr,Xeyr
6950,AZN,Bakı,Opel,Astra,2000,Universal,Yaşıl,1.6,125,Benzin,410000,Mexaniki,Ön,Xeyr,Xeyr
28900,$,Bakı,Jeep,Grand Cherokee,2013,Offroader / SUV,Ağ,3.6,286,Benzin,138000,Avtomat,Tam,Xeyr,Xeyr
5300,AZN,Bakı,Toyota,Camry,1997,Sedan,Qızılı,2.2,132,Benzin,250000,Avtomat,Ön,Xeyr,Xeyr
21600,$,Bakı,Mercedes,E 220,2009,Sedan,Gümüşü,2.2,170,Dizel,162000,Avtomat,Arxa,Xeyr,Xeyr
43400,$,Bakı,Toyota,Camry,2018,Sedan,Ağ,2.5,181,Benzin,0,Avtomat,Ön,Bəli,Bəli
8300,AZN,Bakı,Opel,Astra,2001,Hetçbek / Liftbek,Qırmızı,1.4,101,Benzin,312722,Avtomat,Ön,Xeyr,Xeyr
37500,AZN,Bakı,Hyundai,Sonata,2016,Sedan,Qara,2,274,Benzin,34200,Avtomat,Ön,Xeyr,Xeyr
21500,$,Bakı,Ford,Explorer,2012,Offroader / SUV,Qara,3.5,294,Benzin,103000,Avtomat,Tam,Xeyr,Xeyr
16600,AZN,Bakı,LADA (VAZ),Niva,2016,Offroader / SUV,Göy,1.7,80,Benzin,678451,Mexaniki,Tam,Xeyr,Xeyr
3150,AZN,Bakı,LADA (VAZ),2107,1994,Sedan,Qırmızı,1.6,75,Benzin,300000,Mexaniki,Arxa,Xeyr,Xeyr
24900,AZN,Bakı,Mercedes,E 220,2006,Sedan,Gümüşü,2.2,170,Dizel,168000,Avtomat,Arxa,Xeyr,Xeyr
31500,$,Bakı,BMW,535,2010,Sedan,Yaş Asfalt,3,306,Benzin,180000,Avtomat,Arxa,Xeyr,Bəli
18900,$,Bakı,Mercedes,E 350,2009,Sedan,Ağ,3.5,272,Benzin,107000,Avtomat,Arxa,Xeyr,Xeyr
21500,$,Bakı,Mercedes,GL 550,2008,Offroader / SUV,Qara,5.5,388,Benzin,198000,Avtomat,Tam,Xeyr,Bəli
24000,$,Bakı,BMW,X6,2009,Offroader / SUV,Ağ,4.4,407,Benzin,125000,Avtomat,Tam,Xeyr,Bəli
13700,AZN,Sumqayıt,Mercedes,E 240,2000,Sedan,Yaşıl,2.4,170,Benzin,235700,Avtomat,Arxa,Xeyr,Xeyr
16950,AZN,Bakı,Mercedes,E 240,2002,Sedan,Ağ,2.4,177,Benzin,260000,Avtomat,Arxa,Xeyr,Xeyr
11800,AZN,Sumqayıt,BMW,745,2003,Sedan,Qara,4.4,333,Benzin,175700,Avtomat,Arxa,Xeyr,Xeyr
9100,$,Bakı,Hyundai,Elantra,2010,Sedan,Boz,2,145,Benzin,83951,Avtomat,Ön,Xeyr,Xeyr
41500,$,Bakı,Jeep,Grand Cherokee,2014,Offroader / SUV,Ağ,3,250,Dizel,58200,Avtomat,Tam,Xeyr,Xeyr
48800,$,Bakı,Toyota,Land Cruiser,2013,Offroader / SUV,Ağ,4,282,Benzin,43600,Avtomat,Tam,Xeyr,Bəli
16000,AZN,Bakı,LADA (VAZ),Granta,2018,Sedan,Göy,1.6,98,Benzin,0,Avtomat,Ön,Bəli,Xeyr
108500,$,Bakı,Mercedes,GLE 43 AMG Coupe,2018,Offroader / SUV,Qara,3,396,Benzin,0,Avtomat,Tam,Bəli,Bəli
50800,$,Bakı,Toyota,Land Cruiser,2013,Offroader / SUV,Ağ,4,282,Benzin,28600,Avtomat,Tam,Xeyr,Bəli
18500,$,Bakı,Porsche,Cayenne GTS,2009,Offroader / SUV,Ağ,4.8,450,Benzin,185000,Avtomat,Tam,Xeyr,Xeyr
25800,$,Bakı,BMW,530,2010,Sedan,Ağ,3,245,Benzin,150000,Avtomat,Arxa,Xeyr,Xeyr
10800,AZN,Bakı,Ford,Ecosport,2004,Offroader / SUV,Gümüşü,2,85,Benzin,151000,Mexaniki,Ön,Xeyr,Bəli
10200,AZN,Şəki,LADA (VAZ),2115,2012,Sedan,Qara,1.6,75,Benzin,46900,Mexaniki,Ön,Xeyr,Bəli
19900,AZN,Bakı,Nissan,Juke,2012,Offroader / SUV,Qara,1.6,93,Benzin,85000,Avtomat,Ön,Xeyr,Xeyr
22500,$,Bakı,Audi,A6,2011,Sedan,Ağ,2.8,204,Benzin,143000,Avtomat,Ön,Xeyr,Xeyr
16900,AZN,Bakı,Toyota,Prado,2000,Offroader / SUV,Ağ,3,125,Dizel,470000,Mexaniki,Tam,Xeyr,Xeyr
58000,$,Bakı,Mercedes,G 500,2008,Offroader / SUV,Ağ,5,388,Benzin,130000,Avtomat,Tam,Xeyr,Bəli
13500,AZN,Bakı,Renault,Megane,2008,Universal,Göy,1.5,106,Dizel,177000,Mexaniki,Ön,Xeyr,Xeyr
5450,AZN,Bakı,Tofas,Sahin,2006,Sedan,Qara,1.6,86,Benzin,92865,Mexaniki,Arxa,Xeyr,Xeyr
110000,AZN,Bakı,Lexus,LX 570,2011,Offroader / SUV,Ağ,5.7,390,Benzin,16000,Avtomat,Tam,Xeyr,Xeyr
45500,$,Bakı,Mercedes,G 55 AMG,2006,Offroader / SUV,Qara,5.5,450,Benzin,135000,Avtomat,Tam,Xeyr,Xeyr
46000,$,Bakı,Mercedes,E 200,2016,Sedan,Ağ,2,194,Dizel,42000,Avtomat,Arxa,Xeyr,Xeyr
22000,AZN,Bakı,Hyundai,Sonata,2013,Sedan,Boz,2.4,178,Benzin,71000,Avtomat,Ön,Xeyr,Bəli
5800,AZN,Bakı,BMW,525,1991,Sedan,Qara,2.5,170,Benzin,111111,Mexaniki,Arxa,Xeyr,Xeyr
11200,AZN,Şəmkir,LADA (VAZ),21099,2004,Sedan,Gümüşü,1.5,75,Benzin,68000,Mexaniki,Ön,Xeyr,Bəli
7700,AZN,Bakı,Opel,Astra,1998,Universal,Yaşıl,1.8,118,Benzin,219000,Mexaniki,Ön,Xeyr,Xeyr
9300,AZN,Bakı,LADA (VAZ),2115,2011,Sedan,Qara,1.6,80,Benzin,101350,Mexaniki,Ön,Xeyr,Xeyr
26900,$,Bakı,Mercedes,E 220,2013,Sedan,Qara,2.2,170,Dizel,139000,Avtomat,Arxa,Xeyr,Xeyr
7800,AZN,Bakı,Mercedes,C 280,1994,Sedan,Gümüşü,2.8,193,Benzin,250000,Avtomat,Arxa,Xeyr,Xeyr
3200,AZN,Tərtər,LADA (VAZ),2106,1983,Sedan,Bənövşəyi,1.5,65,Benzin,158000,Mexaniki,Arxa,Xeyr,Xeyr
2700,AZN,Bakı,LADA (VAZ),21011,1981,Sedan,Mavi,1.3,65,Benzin,188000,Mexaniki,Arxa,Xeyr,Xeyr
9500,AZN,Bakı,Land Rover,Freelander,2004,Offroader / SUV,Boz,2.5,177,Benzin,146192,Avtomat,Tam,Xeyr,Xeyr
9000,AZN,Bakı,LADA (VAZ),Priora,2008,Sedan,Qara,1.6,106,Benzin,150000,Mexaniki,Ön,Xeyr,Bəli
22000,AZN,Bakı,Toyota,Prius,2012,Universal,Gümüşü,1.8,99,Hibrid,160000,Avtomat,Ön,Xeyr,Bəli
25000,$,Bakı,Land Rover,Discovery,2010,Offroader / SUV,Qara,2.7,190,Dizel,184700,Avtomat,Tam,Xeyr,Xeyr
32000,$,Bakı,Toyota,Prado,2013,Offroader / SUV,Ağ,2.7,167,Benzin,18000,Avtomat,Tam,Xeyr,Xeyr
3000,AZN,Bakı,LADA (VAZ),Oka,2007,Hetçbek / Liftbek,Göy,0.5,35,Benzin,120000,Mexaniki,Ön,Xeyr,Xeyr
16000,AZN,Bakı,Ford,Transit,2008,Furqon,Sarı,2.2,148,Dizel,199000,Mexaniki,Ön,Xeyr,Bəli
2650,AZN,Bakı,LADA (VAZ),2106,1975,Sedan,Ağ,1.5,65,Benzin,344570,Mexaniki,Arxa,Xeyr,Xeyr
20900,$,Sumqayıt,BMW,X5,2007,Offroader / SUV,Göy,4.8,355,Benzin,142000,Avtomat,Tam,Xeyr,Xeyr
15500,AZN,Bakı,Mercedes,C 220,2006,Universal,Ağ,2.2,150,Dizel,162000,Avtomat,Arxa,Xeyr,Xeyr
48000,$,Bakı,Mercedes,SL 63 AMG,2008,Kabrio,Qara,6.2,544,Benzin,41000,Avtomat,Arxa,Xeyr,Bəli
116000,$,Bakı,Mercedes,S 63 AMG,2014,Sedan,Qara,6.3,585,Benzin,95000,Avtomat,Tam,Xeyr,Xeyr
24500,AZN,Sumqayıt,Mercedes,ML 350,2005,Offroader / SUV,Gümüşü,3.5,272,Benzin,110000,Avtomat,Tam,Xeyr,Xeyr
28700,$,Bakı,Infiniti,Q50,2016,Sedan,Qara,2.2,170,Dizel,9000,Avtomat,Ön,Xeyr,Xeyr
128500,$,Bakı,Mercedes,G 63 AMG,2015,Offroader / SUV,Ağ,5.5,571,Benzin,29500,Avtomat,Tam,Xeyr,Bəli
30700,$,Bakı,Mitsubishi,Pajero,2014,Offroader / SUV,Ağ,3.2,200,Dizel,97500,Avtomat,Tam,Xeyr,Xeyr
30000,AZN,Bakı,Hyundai,Grandeur,2012,Sedan,Qara,2.4,180,Benzin,149000,Avtomat,Ön,Xeyr,Xeyr
69900,$,Bakı,Mercedes,E 300,2017,Sedan,Qara,2,250,Benzin,27000,Avtomat,Arxa,Xeyr,Xeyr
13700,AZN,Bakı,Hyundai,i30,2008,Hetçbek / Liftbek,Qara,1.6,130,Benzin,152301,Avtomat,Ön,Xeyr,Xeyr
25800,$,Bakı,Mercedes,E 250,2010,Sedan,Gümüşü,2.5,204,Dizel,55500,Avtomat,Arxa,Xeyr,Xeyr
9800,AZN,Bakı,Renault,Scenic,2006,Minivan,Tünd qırmızı,1.5,109,Dizel,313500,Mexaniki,Ön,Xeyr,Bəli
40000,$,Bakı,Maserati,Quattroporte,2012,Sedan,Qara,4.7,440,Benzin,94000,Avtomat,Arxa,Xeyr,Bəli
24500,AZN,Sumqayıt,Land Rover,Range Rover,2004,Offroader / SUV,Ağ,4.4,276,Benzin,226000,Avtomat,Tam,Xeyr,Bəli
10700,AZN,Sumqayıt,Chevrolet,Aveo,2008,Hetçbek / Liftbek,Qırmızı,1.4,108,Benzin,127000,Avtomat,Ön,Xeyr,Xeyr
6200,AZN,Saatlı,GAZ,330202-740,2001,Yük maşını,Ağ,2.3,101,Benzin,200000,Mexaniki,Arxa,Xeyr,Xeyr
11700,AZN,Sumqayıt,Mercedes,C 230,1999,Sedan,Qara,2.3,150,Benzin,333000,Avtomat,Arxa,Xeyr,Bəli
5800,AZN,Sumqayıt,Opel,Vectra,1996,Sedan,Qızılı,2,165,Benzin,210528,Avtomat,Ön,Xeyr,Xeyr
3000,AZN,Xudat,LADA (VAZ),2106,1991,Sedan,Bej,1.5,65,Benzin,356880,Mexaniki,Arxa,Xeyr,Xeyr
102000,$,Bakı,Lexus,LX 570,2014,Offroader / SUV,Ağ,5.7,388,Benzin,5900,Avtomat,Tam,Xeyr,Bəli
9600,AZN,Bakı,Chevrolet,Lacetti,2007,Sedan,Narıncı,1.6,106,Benzin,124566,Avtomat,Ön,Xeyr,Xeyr
9500,AZN,Bakı,LADA (VAZ),Granta,2013,Sedan,Ağ,1.6,82,Benzin,151000,Mexaniki,Ön,Xeyr,Xeyr
16300,AZN,Xırdalan,Chevrolet,Niva,2014,Offroader / SUV,Gümüşü,1.7,80,Benzin,9200,Mexaniki,Tam,Xeyr,Xeyr
15750,AZN,Bakı,Volkswagen,Touareg,2004,Offroader / SUV,Qara,3.2,220,Benzin,156000,Avtomat,Tam,Xeyr,Xeyr
9800,AZN,Sumqayıt,Mercedes,C 230,1998,Sedan,Qara,2.3,150,Benzin,217000,Avtomat,Arxa,Xeyr,Xeyr
18500,AZN,Bakı,Cadillac,SRX,2004,Offroader / SUV,Yaş Asfalt,4.6,320,Benzin,287000,Avtomat,Tam,Xeyr,Xeyr
16600,AZN,Bakı,Mitsubishi,Attrage,2016,Sedan,Göy,1.2,110,Benzin,28600,Avtomat,Ön,Xeyr,Xeyr
42500,$,Bakı,Land Rover,Discovery,2013,Offroader / SUV,Qara,5,382,Benzin,72000,Avtomat,Tam,Xeyr,Xeyr
8500,AZN,Mingəçevir,Peugeot,407,2004,Sedan,Qara,1.8,125,Benzin,113000,Mexaniki,Ön,Xeyr,Xeyr
4500,AZN,Bakı,LADA (VAZ),2107,2006,Sedan,Ağ,1.6,75,Benzin,105000,Mexaniki,Arxa,Xeyr,Xeyr
60000,$,Sumqayıt,Land Rover,Discovery,2015,Offroader / SUV,Yaş Asfalt,3,256,Dizel,88800,Avtomat,Tam,Xeyr,Bəli
39800,$,Bakı,Porsche,Cayenne,2013,Offroader / SUV,Ağ,3.6,300,Benzin,66320,Avtomat,Tam,Xeyr,Xeyr
31500,$,Bakı,Toyota,Land Cruiser,2007,Offroader / SUV,Qara,4.2,272,Dizel,215000,Avtomat,Tam,Xeyr,Bəli
25500,AZN,Bakı,Toyota,Prado,2004,Offroader / SUV,Qara,3,168,Dizel,200000,Mexaniki,Tam,Xeyr,Xeyr
14500,AZN,Bakı,Mercedes,B 170,2007,Hetçbek / Liftbek,Ağ,1.7,117,Benzin,52000,Avtomat,Ön,Xeyr,Xeyr
12900,AZN,Qəbələ,BMW,525,2000,Sedan,Göy,2.5,193,Benzin,111110,Avtomat,Arxa,Xeyr,Xeyr
5500,AZN,Lerik,UAZ,31519,2003,Offroader / SUV,Gümüşü,2.4,75,Benzin,120565,Mexaniki,Tam,Xeyr,Xeyr
44000,$,Bakı,Toyota,Camry,2018,Sedan,Ağ,2.5,181,Benzin,0,Avtomat,Ön,Bəli,Xeyr
420000,$,Bakı,Rolls-Royce,Wraith,2017,Kupe,Qara,6.5,571,Benzin,1800,Avtomat,Arxa,Xeyr,Bəli
22500,$,Bakı,BMW,X6,2008,Offroader / SUV,Qara,3,306,Benzin,157000,Avtomat,Tam,Xeyr,Xeyr
19700,AZN,Bakı,LADA (VAZ),Niva,2018,Offroader / SUV,Boz,1.7,80,Benzin,0,Mexaniki,Tam,Bəli,Bəli
23500,AZN,Bakı,BMW,X5,2005,Offroader / SUV,Qara,4.4,320,Benzin,150000,Avtomat,Tam,Xeyr,Xeyr
16600,$,Bakı,Volkswagen,Passat,2016,Sedan,Qara,1.8,180,Benzin,55000,Avtomat,Ön,Xeyr,Xeyr
75300,$,Bakı,Toyota,Land Cruiser,2018,Offroader / SUV,Qara,4,282,Benzin,0,Avtomat,Tam,Bəli,Xeyr
62500,$,Bakı,Lexus,LX 570,2012,Offroader / SUV,Ağ,5.7,383,Benzin,87000,Avtomat,Tam,Xeyr,Xeyr
7300,AZN,Bakı,Opel,Vectra,1999,Sedan,Ağ,1.8,125,Benzin,290000,Avtomat,Ön,Xeyr,Xeyr
21200,AZN,Bakı,Hyundai,Elantra,2014,Sedan,Ağ,1.8,150,Benzin,57000,Avtomat,Ön,Xeyr,Xeyr
10000,$,Bakı,Mitsubishi,Airtrek,2004,Offroader / SUV,Qara,2,350,Benzin,247000,Mexaniki,Tam,Xeyr,Xeyr
26500,$,Bakı,Mercedes,200,1975,Sedan,Qəhvəyi,2,120,Benzin,72000,Avtomat,Arxa,Xeyr,Xeyr
3900,AZN,Bakı,LADA (VAZ),21099,1998,Sedan,Qırmızı,1.5,75,Benzin,234561,Mexaniki,Ön,Xeyr,Xeyr
23000,$,Bakı,BMW,328,2013,Sedan,Qara,2,245,Benzin,112000,Avtomat,Arxa,Xeyr,Bəli
13800,AZN,Sumqayıt,Mercedes,E 200,2000,Sedan,Gümüşü,2,136,Benzin,289000,Avtomat,Arxa,Xeyr,Xeyr
3900,AZN,Quba,LADA (VAZ),2106,1996,Sedan,Bej,1.6,75,Benzin,191000,Mexaniki,Arxa,Xeyr,Xeyr
20900,$,Sumqayıt,Audi,A4,2014,Sedan,Ağ,1.8,180,Benzin,102076,Avtomat,Ön,Xeyr,Bəli
9300,AZN,Bakı,Mercedes,E 230,1996,Sedan,Qara,2.3,150,Benzin,430003,Avtomat,Arxa,Xeyr,Xeyr
14200,AZN,Sumqayıt,Hyundai,i20,2009,Hetçbek / Liftbek,Yaş Asfalt,1.6,126,Benzin,137000,Avtomat,Ön,Xeyr,Xeyr
13600,AZN,Bakı,Mitsubishi,Pajero,2003,Offroader / SUV,Gümüşü,3,190,Benzin,212466,Avtomat,Tam,Xeyr,Xeyr
30500,$,Bakı,Mercedes,GLK 220,2013,Offroader / SUV,Qara,2.2,170,Dizel,102000,Avtomat,Tam,Xeyr,Xeyr
47300,$,Bakı,Toyota,Prado,2018,Offroader / SUV,Ağ,2.7,167,Benzin,0,Avtomat,Tam,Bəli,Bəli
10800,AZN,Bakı,Mercedes,C 230,1997,Sedan,Ağ,2.3,150,Benzin,223000,Avtomat,Arxa,Xeyr,Xeyr
5500,AZN,Sumqayıt,LADA (VAZ),2106,2003,Sedan,Ağ,1.6,75,Benzin,231147,Mexaniki,Arxa,Xeyr,Bəli
35500,AZN,Bakı,Hyundai,Veracruz,2010,Offroader / SUV,Qara,3,180,Dizel,126000,Avtomat,Tam,Xeyr,Bəli
12500,AZN,Bakı,Mercedes,C 240,2000,Sedan,Gümüşü,2.4,170,Benzin,267000,Avtomat,Arxa,Xeyr,Xeyr
11900,AZN,Bakı,Mercedes,C 230,1998,Sedan,Qara,2.3,150,Benzin,239000,Avtomat,Arxa,Xeyr,Xeyr
2700,AZN,Bakı,Daewoo,Racer,1996,Sedan,Ağ,1.5,90,Benzin,388263,Mexaniki,Ön,Xeyr,Bəli
10600,AZN,Bakı,Mercedes,C 200,2001,Sedan,Gümüşü,2,150,Benzin,378000,Avtomat,Arxa,Xeyr,Xeyr
2800,AZN,Bakı,GAZ,24-10,1988,Sedan,Bej,2.3,131,Benzin,185326,Mexaniki,Arxa,Xeyr,Xeyr
47700,$,Bakı,Porsche,Cayenne,2015,Offroader / SUV,Ağ,3.6,300,Benzin,65000,Avtomat,Tam,Xeyr,Xeyr
18300,AZN,Bakı,Hyundai,Santa Fe,2006,Offroader / SUV,Qara,2.2,175,Dizel,255297,Avtomat,Tam,Xeyr,Bəli
28000,AZN,Bakı,BMW,530,2008,Sedan,Yaş Asfalt,3,272,Benzin,156000,Avtomat,Tam,Xeyr,Bəli
28500,AZN,Bakı,Kia,Rio,2018,Hetçbek / Liftbek,Qara,1.4,100,Benzin,13500,Avtomat,Ön,Xeyr,Xeyr
9500,AZN,Sumqayıt,Opel,Astra,2000,Hetçbek / Liftbek,Göy,1.6,101,Benzin,255000,Avtomat,Ön,Xeyr,Xeyr
19500,AZN,Bakı,Hyundai,Elantra,2012,Sedan,Ağ,1.8,150,Benzin,117750,Avtomat,Ön,Xeyr,Xeyr
38200,$,Bakı,Porsche,Cayenne,2012,Offroader / SUV,Ağ,3.6,365,Benzin,95000,Avtomat,Tam,Xeyr,Bəli
65000,$,Bakı,Mercedes,G 55 AMG,2009,Offroader / SUV,Qara,5.5,507,Benzin,67000,Avtomat,Tam,Xeyr,Xeyr
79300,$,Bakı,Toyota,Land Cruiser,2018,Offroader / SUV,Ağ,4,282,Benzin,0,Avtomat,Tam,Bəli,Xeyr
100000,$,Bakı,Porsche,Cayenne Turbo,2015,Offroader / SUV,Qara,4.8,520,Benzin,35000,Avtomat,Tam,Xeyr,Xeyr
40000,$,Bakı,Maserati,Quattroporte,2012,Sedan,Qara,4.7,440,Benzin,94000,Avtomat,Arxa,Xeyr,Bəli
12500,$,Bakı,Peugeot,RCZ,2013,Kupe,Mavi,1.6,200,Benzin,33000,Avtomat,Ön,Xeyr,Bəli
16900,AZN,Bakı,Toyota,Prado,2000,Offroader / SUV,Ağ,3,125,Dizel,470000,Mexaniki,Tam,Xeyr,Xeyr
13950,AZN,Bakı,Volkswagen,Passat,2007,Universal,Mavi,2,140,Dizel,337000,Mexaniki,Ön,Xeyr,Xeyr
18500,AZN,Bakı,Hyundai,Elantra,2011,Sedan,Qara,1.8,150,Benzin,90000,Avtomat,Ön,Xeyr,Xeyr
15000,$,Bakı,Mercedes,C 200,2008,Sedan,Ağ,2,184,Benzin,117000,Avtomat,Arxa,Xeyr,Xeyr
31000,$,Bakı,Toyota,Prado,2012,Offroader / SUV,Qara,4,282,Benzin,95000,Avtomat,Tam,Xeyr,Xeyr
25000,$,Bakı,Hyundai,Sonata,2017,Sedan,Ağ,2,245,Benzin,5400,Avtomat,Ön,Xeyr,Xeyr
5500,AZN,Sumqayıt,Opel,Vectra,1998,Sedan,Mavi,2,136,Benzin,304000,Mexaniki,Ön,Xeyr,Xeyr
13900,AZN,Bakı,Volkswagen,Passat,2010,Sedan,Boz,2,170,Benzin,75000,Avtomat,Ön,Xeyr,Xeyr
11500,AZN,Sumqayıt,Mercedes,C 240,2001,Sedan,Tünd qırmızı,2.6,177,Benzin,287129,Avtomat,Arxa,Xeyr,Xeyr
2500,AZN,Bakı,LADA (VAZ),2106,1984,Sedan,Bej,1.5,65,Benzin,200000,Mexaniki,Arxa,Xeyr,Xeyr
25500,$,Bakı,Volkswagen,Touareg,2011,Offroader / SUV,Qara,3.5,280,Benzin,63000,Avtomat,Tam,Xeyr,Xeyr
17700,AZN,Sumqayıt,Renault,Megane,2012,Hetçbek / Liftbek,Ağ,1.6,150,Benzin,205000,Avtomat,Ön,Xeyr,Xeyr
17500,$,Sumqayıt,Land Rover,RR Sport,2006,Offroader / SUV,Göy,2.7,190,Dizel,211800,Avtomat,Tam,Xeyr,Xeyr
10400,AZN,Gəncə,LADA (VAZ),Niva,2014,Offroader / SUV,Ağ,1.7,80,Benzin,73000,Mexaniki,Tam,Xeyr,Xeyr
11700,AZN,Sumqayıt,Mercedes,C 240,2002,Sedan,Qara,2.6,177,Benzin,469700,Avtomat,Arxa,Xeyr,Xeyr
28277,AZN,Bakı,Ford,Tourneo Custom,2014,Mikroavtobus,Ağ,2.2,140,Dizel,203357,Mexaniki,Arxa,Xeyr,Xeyr
33900,AZN,Bakı,Mercedes,E 220,2010,Sedan,Gümüşü,2.2,177,Dizel,208000,Avtomat,Arxa,Xeyr,Xeyr
17900,AZN,Bakı,Nissan,Sunny,2014,Sedan,Ağ,1.5,130,Benzin,88000,Avtomat,Ön,Xeyr,Bəli
11300,AZN,Bakı,Mercedes,S 320,2001,Sedan,Gümüşü,3.2,224,Benzin,285000,Avtomat,Arxa,Xeyr,Xeyr
6800,$,Bakı,Renault,Scenic,2008,Minivan,Göy,1.5,110,Dizel,198000,Mexaniki,Arxa,Xeyr,Bəli
18500,AZN,Ağdam,Ford,Transit,1998,Yük maşını,Ağ,2.5,140,Dizel,220000,Mexaniki,Arxa,Xeyr,Xeyr
20700,AZN,Bakı,Hyundai,Sonata,2010,Sedan,Boz,2.4,178,Benzin,151000,Avtomat,Tam,Xeyr,Xeyr
6800,AZN,Biləsuvar,LADA (VAZ),2107,2010,Sedan,Qara,1.6,75,Benzin,82500,Mexaniki,Arxa,Xeyr,Xeyr
12900,AZN,Bakı,Mercedes,C 180,2004,Sedan,Ağ,1.8,184,Benzin,292000,Avtomat,Arxa,Xeyr,Xeyr
12800,AZN,Sumqayıt,Volkswagen,Passat,2010,Sedan,Ağ,1.8,170,Benzin,148000,Avtomat,Ön,Xeyr,Xeyr
6000,AZN,Sumqayıt,Mercedes,190,1992,Sedan,Bənövşəyi,2,122,Benzin,250000,Avtomat,Arxa,Xeyr,Xeyr
3700,AZN,Ağdaş,LADA (VAZ),2109,1988,Hetçbek / Liftbek,Bej,1.5,75,Benzin,355125,Mexaniki,Ön,Xeyr,Xeyr
11250,AZN,Bakı,LADA (VAZ),Niva,2015,Offroader / SUV,Ağ,1.7,80,Benzin,73000,Mexaniki,Tam,Xeyr,Xeyr
33500,$,Sumqayıt,Land Rover,RR Evoque,2012,Offroader / SUV,Ağ,2,240,Benzin,91000,Avtomat,Tam,Xeyr,Bəli
15900,AZN,Sumqayıt,Kia,Rio,2012,Sedan,Ağ,1.4,107,Benzin,125000,Avtomat,Ön,Xeyr,Xeyr
26000,$,Bakı,Hyundai,Grand Santa Fe,2014,Offroader / SUV,Ağ,3.3,249,Benzin,126000,Avtomat,Tam,Xeyr,Bəli
18200,AZN,Bakı,LADA (VAZ),Niva,2018,Offroader / SUV,Qara,1.7,80,Benzin,0,Mexaniki,Tam,Bəli,Xeyr
28700,$,Bakı,Infiniti,Q50,2016,Sedan,Qara,2.2,170,Dizel,9000,Avtomat,Ön,Xeyr,Xeyr
38500,$,Bakı,Mercedes,GL 500,2012,Offroader / SUV,Qara,5,388,Benzin,84000,Avtomat,Tam,Xeyr,Xeyr
13700,AZN,Sumqayıt,Fiat,Fiorino,2013,Furqon,Ağ,1.4,75,Benzin,135844,Mexaniki,Ön,Xeyr,Bəli
26600,AZN,Bakı,Kia,Cadenza,2011,Sedan,Qara,3.5,290,Benzin,146350,Avtomat,Ön,Xeyr,Xeyr
26900,AZN,Bakı,Kia,Optima,2015,Sedan,Qara,2.4,181,Benzin,28000,Avtomat,Ön,Xeyr,Xeyr
11600,AZN,Bakı,Opel,Astra,2006,Universal,Gümüşü,1.3,90,Dizel,184000,Mexaniki,Ön,Xeyr,Xeyr
9000,AZN,Bakı,LADA (VAZ),2115,2012,Sedan,Boz,1.6,80,Benzin,118000,Mexaniki,Ön,Xeyr,Xeyr
36500,$,Bakı,Mercedes,ML 350,2012,Offroader / SUV,Qara,3.5,306,Benzin,120000,Avtomat,Tam,Xeyr,Xeyr
18500,AZN,Bakı,Mercedes,S 500,1992,Sedan,Qara,5,326,Benzin,217000,Avtomat,Arxa,Xeyr,Xeyr
16600,$,Bakı,Volkswagen,Passat,2016,Sedan,Qara,1.8,180,Benzin,55000,Avtomat,Ön,Xeyr,Xeyr
13800,AZN,Bakı,Mitsubishi,Outlander,2006,Offroader / SUV,Yaş Asfalt,2.4,139,Benzin,197000,Avtomat,Tam,Xeyr,Xeyr
35500,$,Sumqayıt,Jeep,Grand Cherokee,2014,Offroader / SUV,Qara,3,250,Dizel,119000,Avtomat,Tam,Xeyr,Bəli
29000,$,Bakı,Infiniti,Q50,2016,Sedan,Qara,2.2,170,Dizel,12340,Avtomat,Arxa,Xeyr,Xeyr
24400,AZN,Bakı,Mercedes,E 280,2007,Sedan,Qara,3,224,Dizel,226000,Avtomat,Arxa,Xeyr,Xeyr
18400,AZN,Bakı,Volkswagen,Tiguan,2009,Offroader / SUV,Qara,2,200,Benzin,164000,Avtomat,Ön,Xeyr,Xeyr
24500,AZN,Sumqayıt,Toyota,Corolla,2014,Sedan,Ağ,1.6,124,Benzin,103000,Avtomat,Ön,Xeyr,Bəli
33900,$,Sumqayıt,Land Rover,Range Rover,2010,Offroader / SUV,Qara,5,510,Benzin,141000,Avtomat,Tam,Xeyr,Bəli
27800,AZN,Bakı,Kia,Optima,2013,Sedan,Qara,2.4,180,Benzin,137000,Avtomat,Ön,Xeyr,Xeyr
9900,AZN,Bakı,Hyundai,Elantra,2002,Sedan,Qara,2,150,Benzin,234000,Avtomat,Ön,Xeyr,Xeyr
26500,$,Bakı,BMW,X6,2009,Offroader / SUV,Narıncı,3.5,330,Benzin,85000,Avtomat,Tam,Xeyr,Xeyr
22700,AZN,Sumqayıt,Kia,Cerato,2014,Sedan,Ağ,1.6,160,Benzin,116000,Avtomat,Ön,Xeyr,Bəli
14500,AZN,Bakı,Nissan,Sunny,2012,Sedan,Ağ,1.5,99,Benzin,50500,Avtomat,Ön,Xeyr,Xeyr
160000,€,Bakı,Porsche,Panamera GTS,2018,Hetçbek / Liftbek,Göy,4,460,Benzin,0,Avtomat,Tam,Bəli,Bəli
31500,$,Sumqayıt,Land Rover,RR Sport,2010,Offroader / SUV,Qara,3,272,Dizel,116000,Avtomat,Tam,Xeyr,Bəli
23000,AZN,Bakı,Mazda,CX-9,2009,Offroader / SUV,Ağ,3.7,273,Benzin,128350,Avtomat,Tam,Xeyr,Xeyr
27300,$,Bakı,Toyota,Camry,2015,Sedan,Qara,2.5,181,Benzin,71000,Avtomat,Ön,Xeyr,Xeyr
29800,AZN,Sumqayıt,Hyundai,Azera,2014,Sedan,Ağ,2.4,180,Benzin,99000,Avtomat,Tam,Xeyr,Bəli
18500,$,Sumqayıt,BMW,X5,2008,Offroader / SUV,Qara,3,272,Benzin,204000,Avtomat,Tam,Xeyr,Bəli
2500,AZN,Xudat,LADA (VAZ),2105,1982,Sedan,Ağ,1.5,65,Benzin,358000,Mexaniki,Arxa,Xeyr,Xeyr
38699,$,Bakı,Land Rover,RR Sport,2012,Offroader / SUV,Qara,3,256,Dizel,77500,Avtomat,Tam,Xeyr,Bəli
10000,AZN,Bakı,Mercedes,E 220,1995,Sedan,Gümüşü,2.2,146,Benzin,400000,Avtomat,Ön,Xeyr,Xeyr
32900,$,Bakı,BMW,535,2011,Sedan,Yaş Asfalt,3,306,Benzin,79000,Avtomat,Arxa,Xeyr,Bəli
26300,AZN,Bakı,Hyundai,Sonata,2015,Sedan,Qara,2.4,182,Benzin,41000,Avtomat,Ön,Xeyr,Xeyr
15500,AZN,Bakı,Mercedes,B 170,2008,Hetçbek / Liftbek,Qara,1.7,117,Benzin,78000,Avtomat,Ön,Xeyr,Xeyr
19700,AZN,Bakı,LADA (VAZ),Niva,2018,Offroader / SUV,Qara,1.7,80,Benzin,0,Mexaniki,Tam,Bəli,Bəli
79300,$,Bakı,Toyota,Land Cruiser,2018,Offroader / SUV,Qara,4,282,Benzin,0,Avtomat,Tam,Bəli,Bəli
32800,$,Bakı,Jeep,Wrangler,2014,Offroader / SUV,Qara,3.6,286,Benzin,96000,Avtomat,Tam,Xeyr,Xeyr
23900,AZN,Bakı,Kia,Cerato,2014,Sedan,Ağ,1.6,136,Dizel,99000,Avtomat,Ön,Xeyr,Bəli
6200,AZN,Bakı,Mercedes,190,1990,Sedan,Göy,2,122,Benzin,282000,Avtomat,Arxa,Xeyr,Xeyr
13500,AZN,Bakı,Renault,Megane,2009,Universal,Gümüşü,1.5,106,Dizel,225000,Mexaniki,Ön,Xeyr,Xeyr
21000,$,Bakı,Maserati,Quattroporte,2005,Sedan,Ağ,4.2,390,Benzin,50000,Avtomat,Ön,Xeyr,Xeyr
140000,$,Bakı,Bentley,Continental,2013,Kupe,Qara,6,630,Benzin,16000,Avtomat,Tam,Xeyr,Xeyr
16500,AZN,Bakı,LADA (VAZ),Niva,2014,Offroader / SUV,Qara,1.7,80,Benzin,55000,Mexaniki,Tam,Xeyr,Bəli
39000,$,Bakı,Land Rover,Range Rover,2011,Offroader / SUV,Qara,5,510,Benzin,78300,Avtomat,Arxa,Xeyr,Bəli
14500,AZN,Bakı,Chevrolet,Niva,2015,Offroader / SUV,Boz,1.7,80,Benzin,114000,Mexaniki,Tam,Xeyr,Xeyr
38700,$,Bakı,Land Rover,RR Sport,2012,Offroader / SUV,Ağ,3,286,Dizel,76000,Avtomat,Tam,Xeyr,Xeyr
10700,AZN,Gəncə,Mercedes,E 230,1997,Sedan,Gümüşü,2.3,150,Benzin,336000,Avtomat,Arxa,Xeyr,Xeyr
10500,$,Bakı,Volkswagen,Tiguan,2009,Offroader / SUV,Ağ,2,200,Benzin,183212,Avtomat,Tam,Xeyr,Xeyr
25200,AZN,Bakı,Kia,Optima,2011,Sedan,Yaş Asfalt,2,166,Benzin,109000,Avtomat,Ön,Xeyr,Bəli
43500,$,Bakı,Toyota,Camry,2018,Sedan,Qara,2.5,181,Benzin,0,Avtomat,Ön,Bəli,Bəli
18800,AZN,Bakı,Volkswagen,Jetta,2015,Sedan,Qara,1.4,150,Benzin,47500,Avtomat,Ön,Xeyr,Xeyr
69500,$,Bakı,Toyota,Land Cruiser,2014,Offroader / SUV,Ağ,4.5,282,Dizel,33000,Avtomat,Tam,Xeyr,Xeyr
51500,$,Bakı,Porsche,Cayenne GTS,2013,Offroader / SUV,Ağ,4.8,435,Benzin,88000,Avtomat,Tam,Xeyr,Bəli
125000,€,Bakı,Porsche,Cayenne S,2018,Offroader / SUV,Göy,2.9,440,Benzin,0,Avtomat,Tam,Bəli,Bəli
6800,AZN,Bakı,Mercedes,C 180,1995,Sedan,Qızılı,1.8,122,Benzin,266000,Avtomat,Arxa,Xeyr,Xeyr
15400,AZN,Bakı,Mercedes,E 240,2005,Sedan,Göy,2.6,177,Benzin,302000,Avtomat,Arxa,Xeyr,Xeyr
19800,AZN,Bakı,Mercedes,E 270,2004,Sedan,Gümüşü,2.7,170,Dizel,346231,Avtomat,Arxa,Xeyr,Xeyr
31000,AZN,Bakı,Porsche,Cayenne Turbo,2007,Offroader / SUV,Boz,4.8,500,Benzin,137000,Avtomat,Tam,Xeyr,Bəli
34800,$,Bakı,Mercedes,E 200,2015,Sedan,Qara,2,203,Benzin,88000,Avtomat,Arxa,Xeyr,Bəli
41900,$,Sumqayıt,Mercedes,Vito,2017,Van,Qara,2.2,250,Dizel,56101,Avtomat,Arxa,Xeyr,Xeyr
16700,AZN,Gəncə,Mazda,CX-7,2007,Offroader / SUV,Boz,2.3,180,Benzin,93000,Avtomat,Tam,Xeyr,Xeyr
17300,$,Sumqayıt,Hyundai,Sonata,2015,Sedan,Qırmızı,2.4,194,Benzin,47000,Avtomat,Ön,Xeyr,Bəli
14900,AZN,Sumqayıt,Mercedes,B 170,2007,Hetçbek / Liftbek,Ağ,1.7,190,Benzin,79000,Avtomat,Ön,Xeyr,Bəli
15900,AZN,Sumqayıt,Mercedes,B 170,2009,Hetçbek / Liftbek,Qara,1.7,170,Benzin,88000,Avtomat,Ön,Xeyr,Bəli
32500,AZN,Sumqayıt,Hyundai,Azera,2013,Sedan,Qara,2.4,194,Benzin,70000,Avtomat,Ön,Xeyr,Bəli
24900,AZN,Sumqayıt,BMW,535,2008,Sedan,Qara,3,300,Benzin,181000,Avtomat,Arxa,Xeyr,Bəli
31900,$,Sumqayıt,Mercedes,S 350,2011,Sedan,Qara,3.5,300,Benzin,128000,Avtomat,Arxa,Xeyr,Bəli
23900,$,Sumqayıt,BMW,X6,2008,Offroader / SUV,Qara,4.4,550,Benzin,128000,Avtomat,Tam,Xeyr,Bəli
26800,$,Sumqayıt,Land Rover,Range Rover,2008,Offroader / SUV,Qara,4.2,400,Benzin,181000,Avtomat,Tam,Xeyr,Bəli
11500,AZN,Bakı,Renault,Scenic,2006,Minivan,Boz,0.2,110,Dizel,150000,Mexaniki,Ön,Xeyr,Xeyr
265555,$,Bakı,Land Rover,Range Rover,2018,Offroader / SUV,Yaşıl,5,565,Benzin,5000,Avtomat,Tam,Xeyr,Xeyr
79000,$,Bakı,Land Rover,Discovery,2017,Offroader / SUV,Boz,3,256,Dizel,0,Avtomat,Tam,Bəli,Bəli
44000,$,Bakı,Toyota,Camry,2018,Sedan,Ağ,2.5,181,Benzin,0,Avtomat,Ön,Bəli,Xeyr
50800,$,Bakı,Toyota,Land Cruiser,2013,Offroader / SUV,Ağ,4,282,Benzin,28600,Avtomat,Tam,Xeyr,Bəli
48500,$,Bakı,Mercedes,E 220,2016,Sedan,Ağ,2,194,Dizel,67000,Avtomat,Arxa,Xeyr,Bəli
25800,$,Bakı,BMW,530,2010,Sedan,Ağ,3,245,Benzin,150000,Avtomat,Arxa,Xeyr,Xeyr
30700,$,Bakı,Mitsubishi,Pajero,2014,Offroader / SUV,Ağ,3.2,200,Dizel,97500,Avtomat,Tam,Xeyr,Xeyr
13300,AZN,Bakı,Renault,Megane,2006,Universal,Qara,1.5,106,Dizel,142000,Mexaniki,Ön,Xeyr,Xeyr
10000,$,Bakı,Mitsubishi,Airtrek,2004,Offroader / SUV,Qara,2,350,Benzin,247000,Mexaniki,Tam,Xeyr,Xeyr
26500,AZN,Bakı,Chevrolet,Trax,2017,Offroader / SUV,Gümüşü,1.4,140,Benzin,9000,Avtomat,Tam,Xeyr,Xeyr
26500,$,Bakı,Audi,A5,2013,Hetçbek / Liftbek,Qara,2,211,Benzin,79000,Avtomat,Tam,Xeyr,Xeyr
5600,AZN,Quba,LADA (VAZ),2107,2011,Sedan,Tünd qırmızı,1.6,75,Benzin,72000,Mexaniki,Arxa,Xeyr,Xeyr
2650,AZN,Bakı,GAZ,24,1972,Sedan,Boz,2.5,131,Benzin,155555,Mexaniki,Arxa,Xeyr,Xeyr
12900,AZN,Bakı,Mercedes,S 320,2001,Sedan,Qara,3.2,205,Benzin,244148,Avtomat,Arxa,Xeyr,Xeyr
10300,AZN,Bakı,LADA (VAZ),2114,2012,Hetçbek / Liftbek,Boz,1.6,80,Benzin,66500,Mexaniki,Ön,Xeyr,Xeyr
8300,AZN,Bakı,Mercedes,E 230,1996,Sedan,Qara,2.3,150,Benzin,413000,Avtomat,Arxa,Xeyr,Xeyr
23000,AZN,Tovuz,Mercedes,E 350,2006,Sedan,Qara,3.5,193,Benzin,140000,Avtomat,Tam,Xeyr,Xeyr
2350,AZN,Xaçmaz,LADA (VAZ),2107,1983,Sedan,Ağ,1.6,75,Dizel,250000,Mexaniki,Arxa,Xeyr,Xeyr
20800,AZN,Xırdalan,Hyundai,Sonata,2010,Sedan,Ağ,2.4,178,Benzin,128000,Avtomat,Ön,Xeyr,Xeyr
13400,AZN,Bakı,Hyundai,Coupe,2009,Kupe,Qara,2.7,297,Benzin,116000,Avtomat,Ön,Xeyr,Bəli
13700,AZN,Bakı,Hyundai,i30,2008,Hetçbek / Liftbek,Qara,1.6,130,Benzin,152301,Avtomat,Ön,Xeyr,Xeyr
2800,AZN,Qusar,GAZ,3110,1997,Sedan,Ağ,2.4,131,Benzin,128232,Mexaniki,Arxa,Xeyr,Xeyr
11800,AZN,Bakı,Mercedes,C 240,1998,Sedan,Yaşıl,2.4,170,Benzin,288250,Avtomat,Arxa,Xeyr,Xeyr
11800,AZN,Bakı,LADA (VAZ),Niva,2014,Offroader / SUV,Göy,1.7,80,Benzin,77000,Mexaniki,Tam,Xeyr,Xeyr
14400,AZN,Bakı,Mercedes,E 240,2000,Sedan,Qızılı,2.4,177,Benzin,220700,Avtomat,Arxa,Xeyr,Xeyr
18800,$,Bakı,Hyundai,Santa Fe,2012,Offroader / SUV,Qara,2.4,180,Benzin,107000,Avtomat,Tam,Xeyr,Xeyr
9500,AZN,Bakı,Mercedes,C 220,1995,Sedan,Qara,2.2,146,Benzin,300000,Avtomat,Arxa,Xeyr,Xeyr
20360,AZN,Bakı,Daewoo,Gentra,2013,Sedan,Ağ,1.6,110,Benzin,225842,Mexaniki,Ön,Xeyr,Xeyr
4200,AZN,Bakı,Daewoo,Nexia,1998,Sedan,Tünd qırmızı,1.5,86,Benzin,250000,Mexaniki,Ön,Xeyr,Xeyr
17500,AZN,Sumqayıt,Mercedes,S 320,2001,Sedan,Qara,3.2,225,Benzin,280000,Avtomat,Arxa,Xeyr,Bəli
1500,AZN,Saatlı,GAZ,53,1989,Yük maşını,Göy,4.5,122,Qaz,2930000,Mexaniki,Arxa,Xeyr,Xeyr
19800,AZN,Bakı,LADA (VAZ),Niva,2015,Offroader / SUV,Göy,1.7,80,Benzin,46000,Mexaniki,Tam,Xeyr,Xeyr
3200,AZN,Ağdam,LADA (VAZ),21011,1986,Sedan,Ağ,1.3,65,Benzin,104350,Mexaniki,Arxa,Xeyr,Xeyr
8000,AZN,Bakı,Mercedes,C 180,1994,Sedan,Gümüşü,1.8,122,Benzin,325621,Avtomat,Arxa,Xeyr,Xeyr
11800,AZN,Bakı,Renault,Megane,2006,Universal,Gümüşü,1.5,106,Dizel,180000,Mexaniki,Ön,Xeyr,Xeyr
11500,AZN,Bakı,LADA (VAZ),Niva,2014,Offroader / SUV,Yaşıl,1.7,80,Benzin,72842,Mexaniki,Tam,Xeyr,Xeyr
67500,$,Bakı,Mercedes,G 55 AMG,2009,Offroader / SUV,Ağ,5.5,507,Benzin,43000,Avtomat,Tam,Xeyr,Bəli
58000,$,Bakı,Lexus,GX 460,2014,Offroader / SUV,Ağ,4.6,383,Benzin,68000,Avtomat,Tam,Xeyr,Xeyr
77200,$,Bakı,Toyota,Land Cruiser,2018,Offroader / SUV,Ağ,4,282,Benzin,0,Avtomat,Tam,Bəli,Bəli
35900,$,Bakı,Infiniti,Q50,2016,Sedan,Yaş Asfalt,2.2,170,Dizel,0,Avtomat,Ön,Bəli,Bəli
17200,AZN,Bakı,LADA (VAZ),Priora,2017,Sedan,Qara,1.6,75,Benzin,8000,Mexaniki,Ön,Xeyr,Xeyr
59499,AZN,Bakı,Mercedes,Actros 1840,2008,Dartqı,Ağ,11,191,Dizel,950000,Avtomat,Arxa,Xeyr,Bəli
13770,AZN,Bakı,Daewoo,Gentra,2013,Sedan,Qara,1.5,107,Benzin,180000,Mexaniki,Ön,Xeyr,Xeyr
5550,AZN,Bakı,LADA (VAZ),2106,2006,Sedan,Yaşıl,1.6,75,Benzin,147400,Mexaniki,Arxa,Xeyr,Bəli
149000,$,Bakı,Mercedes,S 560,2017,Sedan,Qara,4,469,Benzin,16000,Avtomat,Tam,Xeyr,Xeyr
17900,AZN,Bakı,Kia,Sorento,2007,Offroader / SUV,Qara,3.8,262,Benzin,174500,Avtomat,Tam,Xeyr,Xeyr
31500,$,Bakı,Mercedes,Viano,2012,Van,Qara,3,224,Dizel,81000,Avtomat,Arxa,Xeyr,Xeyr
10200,AZN,Şəki,LADA (VAZ),2115,2012,Sedan,Qara,1.6,75,Benzin,46900,Mexaniki,Ön,Xeyr,Bəli
3150,AZN,Bakı,Opel,Vita,1996,Hetçbek / Liftbek,Qara,1.4,101,Benzin,220000,Mexaniki,Ön,Xeyr,Xeyr
35400,$,Bakı,Toyota,Camry,2017,Sedan,Ağ,2.5,181,Benzin,18500,Avtomat,Ön,Xeyr,Xeyr
36700,$,Bakı,Toyota,Land Cruiser,2011,Offroader / SUV,Ağ,4,282,Benzin,91598,Avtomat,Tam,Xeyr,Xeyr
14300,AZN,Salyan,Nissan,Murano,2006,Offroader / SUV,Qara,3.5,248,Benzin,214000,Avtomat,Tam,Xeyr,Bəli
21700,AZN,Bakı,Volkswagen,Touareg,2008,Offroader / SUV,Qara,3.6,280,Benzin,150000,Avtomat,Tam,Xeyr,Xeyr
56500,$,Bakı,Land Rover,Discovery,2014,Offroader / SUV,Boz,3,256,Dizel,51000,Avtomat,Tam,Xeyr,Xeyr
23000,AZN,Bakı,Toyota,Hilux,2008,Pikap,Ağ,2.5,170,Dizel,256647,Mexaniki,Tam,Xeyr,Xeyr
5400,AZN,Bakı,Mercedes,E 230,1989,Sedan,Gümüşü,2.3,150,Benzin,245000,Mexaniki,Arxa,Xeyr,Xeyr
9300,AZN,Bakı,Opel,Astra,2000,Universal,Ağ,1.8,116,Benzin,220000,Avtomat,Tam,Xeyr,Xeyr
9200,AZN,Sumqayıt,LADA (VAZ),Niva,2013,Offroader / SUV,Ağ,1.7,80,Benzin,134000,Mexaniki,Tam,Xeyr,Xeyr
5100,AZN,Sumqayıt,LADA (VAZ),2106,2005,Sedan,Yaşıl,1.6,75,Benzin,140000,Mexaniki,Arxa,Xeyr,Xeyr
4500,AZN,Gəncə,LADA (VAZ),2107,1999,Sedan,Ağ,1.6,75,Benzin,230000,Mexaniki,Arxa,Xeyr,Xeyr
1700,AZN,Şirvan,GAZ,24,1990,Sedan,Ağ,2,95,Benzin,200000,Mexaniki,Tam,Xeyr,Xeyr
11700,AZN,Bakı,Nissan,Maxima,2006,Sedan,Qara,3,200,Benzin,209000,Avtomat,Ön,Xeyr,Xeyr
62500,$,Bakı,Lexus,LX 570,2013,Offroader / SUV,Qara,5.7,383,Benzin,82000,Avtomat,Tam,Xeyr,Bəli
15500,AZN,Gəncə,Audi,A6,2006,Sedan,Qara,2.4,200,Benzin,298000,Avtomat,Ön,Xeyr,Bəli
29500,$,Bakı,Jeep,Wrangler,2013,Offroader / SUV,Boz,3.6,306,Benzin,72000,Avtomat,Tam,Xeyr,Bəli
11500,AZN,Bakı,UAZ,31519,2005,Offroader / SUV,Yaşıl,2.4,130,Benzin,174523,Mexaniki,Tam,Xeyr,Xeyr
9800,AZN,Bakı,LADA (VAZ),Niva,2012,Offroader / SUV,Ağ,1.7,80,Benzin,82000,Mexaniki,Tam,Xeyr,Xeyr
16500,$,Bakı,Toyota,Camry,2014,Sedan,Boz,2.5,181,Benzin,81000,Avtomat,Ön,Xeyr,Xeyr
134000,$,Bakı,Mercedes,G 63 AMG,2014,Offroader / SUV,Boz,5.5,544,Benzin,42000,Avtomat,Tam,Xeyr,Bəli
24800,$,Bakı,Toyota,Camry,2014,Sedan,Ağ,2.5,181,Benzin,73000,Avtomat,Ön,Xeyr,Xeyr
14500,AZN,Bakı,LADA (VAZ),Niva,2018,Offroader / SUV,Göy,1.7,83,Benzin,0,Mexaniki,Tam,Bəli,Xeyr
11000,AZN,Bakı,Mercedes,C 240,1997,Sedan,Gümüşü,2.4,170,Benzin,222000,Avtomat,Arxa,Xeyr,Xeyr
19600,$,Bakı,Mazda,6,2014,Sedan,Ağ,2,165,Benzin,125000,Avtomat,Ön,Xeyr,Bəli
33000,$,Sumqayıt,Land Rover,RR Sport,2011,Offroader / SUV,Qara,3,271,Dizel,184000,Avtomat,Tam,Xeyr,Bəli
28277,AZN,Bakı,Ford,Tourneo Custom,2014,Mikroavtobus,Ağ,2.2,140,Dizel,203357,Mexaniki,Arxa,Xeyr,Xeyr
63500,$,Bakı,Audi,Q7,2017,Offroader / SUV,Qara,3,333,Benzin,52338,Avtomat,Tam,Xeyr,Bəli
16500,AZN,Bakı,LADA (VAZ),Niva,2014,Offroader / SUV,Qara,1.7,80,Benzin,55000,Mexaniki,Tam,Xeyr,Bəli
25000,$,Bakı,Mercedes,S 63 AMG,2008,Sedan,Qara,6.3,525,Benzin,199000,Avtomat,Arxa,Xeyr,Xeyr
16300,AZN,Bakı,Mercedes,E 320,2002,Sedan,Gümüşü,3.2,224,Benzin,203780,Avtomat,Arxa,Xeyr,Xeyr
42000,$,Bakı,Porsche,Cayenne,2012,Offroader / SUV,Qara,3.6,300,Benzin,57000,Avtomat,Tam,Xeyr,Xeyr
26500,$,Bakı,Mercedes,200,1975,Sedan,Qəhvəyi,2,120,Benzin,72000,Avtomat,Arxa,Xeyr,Xeyr
12800,$,Bakı,Volkswagen,Passat,2013,Sedan,Gümüşü,1.8,185,Benzin,70000,Avtomat,Ön,Xeyr,Xeyr
38500,$,Bakı,Mercedes,CLS 55 AMG,2012,Sedan,Boz,4.6,407,Benzin,52000,Avtomat,Tam,Xeyr,Bəli
35500,$,Bakı,Toyota,Prado,2015,Offroader / SUV,Qara,2.7,167,Benzin,35000,Avtomat,Tam,Xeyr,Xeyr
20000,AZN,Bakı,LADA (VAZ),Vesta,2018,Sedan,Gümüşü,1.8,122,Benzin,0,Mexaniki,Ön,Bəli,Xeyr
21000,AZN,Bakı,LADA (VAZ),XRAY,2018,Offroader / SUV,Qəhvəyi,1.8,122,Benzin,0,Mexaniki,Ön,Bəli,Xeyr
26500,$,Bakı,Toyota,Prado,2012,Offroader / SUV,Ağ,2.7,167,Benzin,155000,Avtomat,Tam,Xeyr,Xeyr
8700,AZN,Xırdalan,LADA (VAZ),Kalina,2009,Universal,Boz,1.6,81,Benzin,230000,Mexaniki,Ön,Xeyr,Xeyr
16200,AZN,Bakı,Haval,H6,2012,Offroader / SUV,Göy,2.4,170,Benzin,96473,Mexaniki,Tam,Xeyr,Xeyr
9500,AZN,Naxçıvan,Iran Khodro,Soren,2014,Sedan,Ağ,1.6,135,Benzin,132000,Mexaniki,Ön,Xeyr,Bəli
6000,AZN,Bakı,Changan,Alsvin V7,2017,Sedan,Qırmızı,1.8,124,Benzin,62000,Avtomat,Ön,Xeyr,Xeyr
22900,AZN,Bakı,Hyundai,Elantra,2014,Sedan,Ağ,2,163,Benzin,53000,Avtomat,Ön,Xeyr,Xeyr
27000,$,Bakı,Land Rover,Range Rover,2008,Offroader / SUV,Ağ,4.2,400,Benzin,150000,Avtomat,Tam,Xeyr,Bəli
32000,AZN,Bakı,Land Rover,Discovery,2005,Offroader / SUV,Qara,2.7,190,Dizel,231000,Avtomat,Tam,Xeyr,Bəli
24500,AZN,Bakı,BMW,X5,2005,Offroader / SUV,Qara,4.8,360,Benzin,284513,Avtomat,Tam,Xeyr,Xeyr
28500,$,Bakı,Land Rover,Range Rover,2007,Offroader / SUV,Qara,3.6,272,Dizel,201369,Avtomat,Tam,Xeyr,Xeyr
21800,AZN,Bakı,Mercedes,E 280,2007,Sedan,Gümüşü,2.8,231,Benzin,178000,Avtomat,Arxa,Xeyr,Bəli
36800,$,Bakı,Mercedes,ML 350,2013,Offroader / SUV,Yaş Asfalt,3.5,285,Benzin,115000,Avtomat,Tam,Xeyr,Bəli
5500,AZN,Bakı,Mercedes,190,1990,Sedan,Qəhvəyi,2,122,Benzin,450636,Avtomat,Arxa,Xeyr,Xeyr
22500,AZN,Bakı,Mitsubishi,Pajero,2007,Offroader / SUV,Qara,3,190,Benzin,228000,Avtomat,Tam,Xeyr,Bəli
31000,AZN,Bakı,Land Rover,Discovery,2005,Offroader / SUV,Gümüşü,2.7,190,Dizel,238000,Avtomat,Tam,Xeyr,Bəli
21500,$,Bakı,Land Rover,RR Sport,2007,Offroader / SUV,Qara,2.7,190,Dizel,134000,Avtomat,Tam,Xeyr,Bəli
3900,AZN,Gəncə,GAZ,24-10,1989,Sedan,Ağ,2.4,131,Benzin,120000,Mexaniki,Arxa,Xeyr,Xeyr
4000,$,Bakı,Mitsubishi,Pajero,1997,Offroader / SUV,Göy,2.5,99,Dizel,662682,Mexaniki,Tam,Xeyr,Xeyr
28000,$,Bakı,Mercedes,E 220,2014,Sedan,Qara,2.2,170,Dizel,124500,Avtomat,Arxa,Xeyr,Xeyr
28500,AZN,Bakı,Nissan,Navara,2010,Pikap,Ağ,2.5,171,Dizel,238000,Avtomat,Tam,Xeyr,Bəli
25500,$,Bakı,Toyota,Prado,2012,Offroader / SUV,Ağ,2.7,167,Benzin,140500,Avtomat,Tam,Xeyr,Xeyr
14900,AZN,Bakı,LADA (VAZ),Niva,2015,Offroader / SUV,Qara,1.7,80,Benzin,39653,Mexaniki,Tam,Xeyr,Xeyr
21000,$,Bakı,Jeep,Grand Cherokee,2012,Offroader / SUV,Qara,3.6,287,Benzin,138000,Avtomat,Tam,Xeyr,Xeyr
33800,$,Bakı,Land Rover,Discovery Sport,2015,Offroader / SUV,Qara,2,170,Benzin,36000,Avtomat,Tam,Xeyr,Xeyr
107700,$,Bakı,Toyota,Land Cruiser,2018,Offroader / SUV,Qara,4.5,288,Dizel,0,Avtomat,Tam,Bəli,Bəli
79300,$,Bakı,Toyota,Land Cruiser,2018,Offroader / SUV,Ağ,4,282,Benzin,0,Avtomat,Tam,Bəli,Xeyr
38500,$,Bakı,Audi,A6,2015,Sedan,Qara,2,252,Benzin,36929,Avtomat,Tam,Xeyr,Xeyr
187000,$,Bakı,Porsche,Panamera Turbo,2018,Sedan,Qara,4,550,Benzin,0,Avtomat,Tam,Bəli,Xeyr
6200,AZN,Bakı,Mercedes,190,1990,Sedan,Göy,2,122,Benzin,282000,Avtomat,Arxa,Xeyr,Xeyr
66000,$,Bakı,BMW,M6,2013,Kabrio,Göy,4.4,560,Benzin,6800,Avtomat,Arxa,Xeyr,Xeyr
64000,$,Bakı,Maserati,Quattroporte,2013,Sedan,Ağ,3.8,530,Benzin,42000,Avtomat,Arxa,Xeyr,Bəli
19800,AZN,Bakı,Hyundai,Elantra,2014,Sedan,Göy,1.8,150,Benzin,72841,Avtomat,Ön,Xeyr,Xeyr
58500,$,Bakı,BMW,X5,2014,Offroader / SUV,Boz,3,306,Benzin,68800,Avtomat,Tam,Xeyr,Xeyr
28500,$,Bakı,BMW,750,2011,Sedan,Qara,4.4,407,Benzin,139000,Avtomat,Arxa,Xeyr,Xeyr
4600,AZN,Bakı,Iran Khodro,Azsamand,2007,Sedan,Qara,1.8,100,Benzin,234000,Mexaniki,Ön,Xeyr,Xeyr
28800,$,Bakı,Mercedes,E 220,2014,Sedan,Qara,2.2,194,Dizel,154000,Avtomat,Arxa,Xeyr,Bəli
15700,AZN,Masallı,Mercedes,E 220,2001,Sedan,Qızılı,2.2,143,Dizel,320000,Avtomat,Arxa,Xeyr,Xeyr
18800,$,Bakı,Mercedes,ML 350,2008,Offroader / SUV,Yaş Asfalt,3.5,272,Dizel,228000,Avtomat,Tam,Xeyr,Bəli
42300,$,Bakı,Toyota,Prado,2013,Offroader / SUV,Ağ,3,190,Dizel,82000,Avtomat,Tam,Xeyr,Xeyr
52900,$,Bakı,Lexus,GX 460,2014,Offroader / SUV,Qara,4.6,296,Benzin,103528,Avtomat,Tam,Xeyr,Bəli
23000,AZN,Bakı,Kia,Optima,2012,Sedan,Gümüşü,2,274,Benzin,86000,Avtomat,Ön,Xeyr,Xeyr
12400,AZN,Bakı,Mercedes,C 180,1999,Sedan,Göy,1.8,122,Benzin,143500,Avtomat,Arxa,Xeyr,Xeyr
34000,AZN,Bakı,Toyota,Prado,2009,Offroader / SUV,Ağ,2.7,167,Benzin,128000,Avtomat,Tam,Xeyr,Xeyr
22900,AZN,Bakı,Kia,Optima,2011,Sedan,Ağ,2,166,Benzin,81000,Avtomat,Ön,Xeyr,Xeyr
10600,AZN,Bakı,Mercedes,E 280,1997,Sedan,Yaşıl,2.8,193,Benzin,278000,Avtomat,Arxa,Xeyr,Bəli
10800,AZN,Qəbələ,Mercedes,C 200,1999,Sedan,Gümüşü,2,136,Benzin,503000,Avtomat,Arxa,Xeyr,Xeyr
30700,$,Bakı,Toyota,Land Cruiser,2010,Offroader / SUV,Ağ,4,282,Benzin,120000,Avtomat,Tam,Xeyr,Xeyr
4000,AZN,Bakı,Ford,Escort,1998,Universal,Yaşıl,1.5,106,Benzin,200000,Mexaniki,Ön,Xeyr,Xeyr
85000,$,Bakı,Lexus,LX 570,2014,Offroader / SUV,Qara,5.7,383,Benzin,60000,Avtomat,Tam,Xeyr,Bəli
13200,AZN,Bakı,Kia,Rio,2006,Hetçbek / Liftbek,Gümüşü,1.5,115,Dizel,168500,Mexaniki,Ön,Xeyr,Xeyr
48500,$,Bakı,Land Rover,Range Rover,2012,Offroader / SUV,Ağ,5,510,Benzin,110000,Avtomat,Tam,Xeyr,Xeyr
5300,AZN,Bakı,Opel,Vita,1996,Hetçbek / Liftbek,Tünd qırmızı,1.4,90,Benzin,181000,Avtomat,Ön,Xeyr,Xeyr
75500,$,Bakı,Toyota,Land Cruiser,2018,Offroader / SUV,Qara,4,282,Benzin,0,Avtomat,Tam,Bəli,Bəli
11500,AZN,Yardımlı,Chevrolet,Niva,2010,Offroader / SUV,Gümüşü,1.7,80,Benzin,172305,Mexaniki,Tam,Xeyr,Xeyr
16800,AZN,Bakı,Renault,Laguna,2008,Universal,Boz,1.5,110,Dizel,219000,Mexaniki,Ön,Xeyr,Xeyr
22200,AZN,Bakı,Hyundai,Elantra,2014,Sedan,Gümüşü,1.8,150,Benzin,102234,Avtomat,Ön,Xeyr,Xeyr
36500,$,Bakı,Jeep,Wrangler,2014,Offroader / SUV,Qara,3.6,286,Benzin,53000,Avtomat,Arxa,Xeyr,Xeyr
14300,AZN,Sumqayıt,Lexus,ES 300,2006,Sedan,Qara,3,243,Benzin,247416,Avtomat,Ön,Xeyr,Xeyr
36500,$,Bakı,Toyota,FJ Cruiser,2013,Offroader / SUV,Ağ,4,252,Benzin,64000,Avtomat,Tam,Xeyr,Xeyr
35900,$,Bakı,Infiniti,Q50,2016,Sedan,Boz,2.2,170,Dizel,0,Avtomat,Arxa,Bəli,Xeyr
34800,$,Bakı,Toyota,Prado,2014,Offroader / SUV,Ağ,2.7,167,Benzin,99000,Avtomat,Tam,Xeyr,Xeyr
225500,$,Bakı,Mercedes-Maybach,S 500,2018,Sedan,Qara,4.7,475,Benzin,0,Avtomat,Arxa,Bəli,Bəli
35500,$,Bakı,Mercedes,C 300,2016,Sedan,Qara,2,245,Benzin,23000,Avtomat,Tam,Xeyr,Xeyr
18500,$,Bakı,Buick,Encore,2016,Offroader / SUV,Göy,1.4,148,Benzin,1067,Avtomat,Tam,Xeyr,Xeyr
149000,$,Bakı,Mercedes,S 560,2017,Sedan,Qara,4,469,Benzin,16000,Avtomat,Tam,Xeyr,Xeyr
17200,AZN,Bakı,LADA (VAZ),Priora,2017,Sedan,Qara,1.6,75,Benzin,8000,Mexaniki,Ön,Xeyr,Xeyr
26500,AZN,Bakı,Mercedes,C 180,2007,Sedan,Ağ,1.8,156,Benzin,170000,Avtomat,Arxa,Xeyr,Xeyr
13800,AZN,Bakı,Daewoo,Gentra,2014,Sedan,Ağ,1.5,107,Benzin,136000,Avtomat,Ön,Xeyr,Xeyr
41500,$,Bakı,Jeep,Grand Cherokee,2014,Offroader / SUV,Qara,3,250,Dizel,71000,Avtomat,Tam,Xeyr,Xeyr
26500,$,Bakı,Mercedes,200,1975,Sedan,Qəhvəyi,2,120,Benzin,72000,Avtomat,Arxa,Xeyr,Xeyr
14300,AZN,Sumqayıt,Lexus,ES 300,2006,Sedan,Qara,3,243,Benzin,247416,Avtomat,Ön,Xeyr,Xeyr
10300,AZN,Bakı,Mercedes,E 220,1994,Sedan,Yaşıl,2.2,146,Benzin,333000,Avtomat,Arxa,Xeyr,Xeyr
104200,$,Bakı,Toyota,Land Cruiser,2018,Offroader / SUV,Ağ,4.5,272,Dizel,0,Avtomat,Tam,Bəli,Bəli
18500,AZN,Biləsuvar,Mercedes,E 270,2003,Sedan,Göy,2.7,170,Dizel,205895,Avtomat,Arxa,Xeyr,Xeyr
8700,AZN,Bakı,LADA (VAZ),2110,2010,Sedan,Qara,1.6,80,Benzin,149878,Mexaniki,Ön,Xeyr,Xeyr
5700,AZN,Xırdalan,Opel,Vita,1998,Hetçbek / Liftbek,Yaşıl,1.4,90,Benzin,230000,Avtomat,Ön,Xeyr,Xeyr
23500,AZN,Sumqayıt,Hyundai,Sonata,2010,Sedan,Qara,2.4,178,Benzin,139500,Avtomat,Ön,Xeyr,Xeyr
13900,AZN,Bakı,BMW,520,2003,Sedan,Göy,2.2,170,Benzin,215000,Avtomat,Arxa,Xeyr,Xeyr
19200,AZN,Bakı,Hyundai,Elantra,2012,Sedan,Tünd qırmızı,1.8,150,Benzin,125000,Avtomat,Ön,Xeyr,Xeyr
13700,AZN,Bakı,Volkswagen,Touareg,2005,Offroader / SUV,Yaş Asfalt,3.2,250,Benzin,240000,Avtomat,Tam,Xeyr,Xeyr
39500,$,Bakı,Mercedes,S 350,2011,Sedan,Qara,3.5,306,Benzin,78000,Avtomat,Arxa,Xeyr,Bəli
11200,AZN,Bakı,Mercedes,C 240,1999,Universal,Qara,2.4,170,Benzin,340000,Avtomat,Arxa,Xeyr,Bəli
21000,$,Bakı,Toyota,RAV 4,2014,Offroader / SUV,Qəhvəyi,2.5,181,Benzin,54000,Avtomat,Tam,Xeyr,Xeyr
5300,AZN,Bakı,LADA (VAZ),2106,2003,Sedan,Göy,1.6,75,Benzin,164000,Mexaniki,Arxa,Xeyr,Xeyr
5500,AZN,Şəmkir,MAZ,5549,1988,Yük maşını,Göy,7,150,Dizel,1500000,Mexaniki,Arxa,Xeyr,Xeyr
22200,AZN,Bakı,Hyundai,Elantra,2014,Sedan,Gümüşü,1.8,150,Benzin,60000,Avtomat,Ön,Xeyr,Xeyr
75500,$,Bakı,Toyota,Land Cruiser,2018,Offroader / SUV,Ağ,4,282,Benzin,0,Avtomat,Tam,Bəli,Bəli
7000,AZN,Şəmkir,LADA (VAZ),21099,2003,Sedan,Gümüşü,1.6,75,Benzin,150000,Mexaniki,Ön,Xeyr,Xeyr
7900,AZN,Sumqayıt,Opel,Astra,2001,Universal,Gümüşü,1.6,101,Benzin,256256,Mexaniki,Ön,Xeyr,Xeyr
16600,$,Bakı,Volkswagen,Passat,2016,Sedan,Qara,1.8,180,Benzin,55000,Avtomat,Ön,Xeyr,Xeyr
6800,AZN,Bakı,Daewoo,Lanos,2010,Sedan,Boz,1.3,65,Benzin,160000,Mexaniki,Ön,Xeyr,Bəli
7500,AZN,Bakı,Opel,Vectra,1999,Sedan,Qızılı,1.6,101,Benzin,397279,Avtomat,Ön,Xeyr,Xeyr
24800,$,Bakı,Toyota,RAV 4,2014,Offroader / SUV,Ağ,2,146,Benzin,98000,Avtomat,Tam,Xeyr,Xeyr
17500,AZN,Bakı,LADA (VAZ),Niva,2018,Offroader / SUV,Ağ,1.7,80,Benzin,3500,Mexaniki,Tam,Xeyr,Xeyr
18200,AZN,Bakı,LADA (VAZ),Niva,2018,Offroader / SUV,Qara,1.7,80,Benzin,0,Mexaniki,Tam,Bəli,Bəli
32500,$,Bakı,Toyota,Camry,2018,Sedan,Göy,2.5,181,Benzin,6000,Avtomat,Ön,Xeyr,Bəli
75500,$,Bakı,Toyota,Land Cruiser,2018,Offroader / SUV,Qara,4,282,Benzin,0,Avtomat,Tam,Bəli,Xeyr
26000,$,Bakı,Hyundai,Grand Santa Fe,2014,Offroader / SUV,Ağ,3.3,249,Benzin,126000,Avtomat,Tam,Xeyr,Bəli
49500,$,Bakı,Porsche,Cayenne,2015,Offroader / SUV,Boz,3.6,300,Benzin,150000,Avtomat,Tam,Xeyr,Xeyr
20900,$,Bakı,Mercedes,E 220,2011,Sedan,Qara,2.2,170,Dizel,200307,Avtomat,Arxa,Xeyr,Xeyr
33000,$,Bakı,Honda,Accord,2018,Sedan,Mavi,1.5,200,Benzin,2700,Avtomat,Ön,Xeyr,Bəli
18500,$,Bakı,Land Rover,Discovery,2005,Offroader / SUV,Göy,2.7,190,Dizel,291000,Avtomat,Tam,Xeyr,Bəli
9800,AZN,Bakı,Renault,Scenic,2006,Minivan,Tünd qırmızı,1.5,109,Dizel,313500,Mexaniki,Ön,Xeyr,Bəli
27500,$,Bakı,Hyundai,Equus,2012,Sedan,Qara,3.8,306,Benzin,73000,Avtomat,Arxa,Xeyr,Xeyr
19900,AZN,Bakı,Fiat,500,2015,Hetçbek / Liftbek,Göy,1.4,100,Benzin,14700,Avtomat,Ön,Xeyr,Bəli
37900,$,Bakı,BMW,535,2015,Sedan,Yaş Asfalt,3,306,Benzin,52000,Avtomat,Arxa,Xeyr,Xeyr
12800,AZN,Sumqayıt,BMW,745,2002,Sedan,Qara,4.4,333,Benzin,230000,Avtomat,Arxa,Xeyr,Bəli
8700,AZN,Bakı,Mercedes,C 180,1996,Sedan,Tünd qırmızı,1.8,122,Benzin,165000,Avtomat,Arxa,Xeyr,Xeyr
17500,AZN,Bakı,Volkswagen,Jetta,2014,Sedan,Qara,2,115,Benzin,168200,Avtomat,Ön,Xeyr,Xeyr
17800,AZN,Bakı,Hyundai,Accent,2011,Sedan,Ağ,1.6,132,Benzin,144000,Avtomat,Ön,Xeyr,Xeyr
21700,AZN,Bakı,Nissan,X-Trail,2008,Offroader / SUV,Ağ,2.5,180,Benzin,185000,Avtomat,Tam,Xeyr,Bəli
11500,AZN,Bakı,Mitsubishi,Pajero,2001,Offroader / SUV,Yaşıl,3,190,Benzin,135000,Avtomat,Tam,Xeyr,Bəli
56500,$,Bakı,Land Rover,Discovery,2015,Offroader / SUV,Qara,3,340,Benzin,38000,Avtomat,Tam,Xeyr,Xeyr
28000,$,Bakı,Land Rover,RR Sport,2008,Offroader / SUV,Qara,3.6,272,Dizel,250000,Avtomat,Tam,Xeyr,Xeyr
2100,AZN,Bakı,LADA (VAZ),2106,1980,Sedan,Gümüşü,1.6,75,Benzin,581212,Mexaniki,Arxa,Xeyr,Xeyr
8300,AZN,Bakı,LADA (VAZ),Niva,2010,Offroader / SUV,Ağ,1.7,80,Benzin,170000,Mexaniki,Tam,Xeyr,Xeyr
25300,AZN,Bakı,Kia,Optima,2014,Sedan,Yaş Asfalt,2,276,Benzin,65300,Avtomat,Ön,Xeyr,Xeyr
13300,AZN,Bakı,Mercedes,E 240,1999,Sedan,Ağ,2.4,170,Benzin,325000,Avtomat,Arxa,Xeyr,Xeyr
11800,AZN,Bakı,LADA (VAZ),Priora,2013,Hetçbek / Liftbek,Ağ,1.6,106,Benzin,127000,Mexaniki,Ön,Xeyr,Xeyr
4900,AZN,Bakı,Mercedes,190,1989,Sedan,Yaş Asfalt,2,122,Benzin,223550,Avtomat,Arxa,Xeyr,Xeyr
21900,AZN,Bakı,Hyundai,Elantra,2016,Sedan,Gümüşü,1.8,150,Benzin,51000,Avtomat,Ön,Xeyr,Xeyr
16800,AZN,Bakı,Hyundai,Tucson,2006,Offroader / SUV,Mavi,2,142,Benzin,164200,Avtomat,Ön,Xeyr,Xeyr
10200,AZN,Bakı,Mercedes,C 180,1998,Sedan,Qara,1.8,122,Benzin,545231,Avtomat,Arxa,Xeyr,Xeyr
9200,AZN,Bakı,Volkswagen,Golf,1998,Hetçbek / Liftbek,Gümüşü,1.6,101,Benzin,342589,Mexaniki,Ön,Xeyr,Bəli
26700,AZN,Bakı,Audi,A5,2011,Hetçbek / Liftbek,Qara,2,211,Benzin,92700,Avtomat,Tam,Xeyr,Xeyr
34500,$,Bakı,Jeep,Wrangler,2014,Offroader / SUV,Mavi,3.6,286,Benzin,63000,Avtomat,Tam,Xeyr,Xeyr
13100,AZN,Bakı,Mitsubishi,Lancer,2008,Sedan,Mavi,2,150,Benzin,210006,Avtomat,Ön,Xeyr,Xeyr
18400,AZN,Bakı,Kia,Soul,2013,Offroader / SUV,Qızılı,2,170,Benzin,78977,Avtomat,Ön,Xeyr,Xeyr
2850,AZN,Bakı,LADA (VAZ),2107,1998,Sedan,Ağ,1.5,65,Benzin,285680,Mexaniki,Arxa,Xeyr,Xeyr
27800,AZN,Bakı,Kia,Optima,2014,Sedan,Ağ,2,274,Benzin,72768,Avtomat,Ön,Xeyr,Xeyr
78000,$,Bakı,Lexus,LX 570,2014,Offroader / SUV,Ağ,5.7,383,Benzin,50000,Avtomat,Tam,Xeyr,Bəli
20900,$,Sumqayıt,Audi,A4,2014,Sedan,Ağ,1.8,180,Benzin,102076,Avtomat,Ön,Xeyr,Bəli
19700,AZN,Bakı,LADA (VAZ),Niva,2018,Offroader / SUV,Qara,1.7,80,Benzin,0,Mexaniki,Tam,Bəli,Bəli
79300,$,Bakı,Toyota,Land Cruiser,2018,Offroader / SUV,Ağ,4,282,Benzin,0,Avtomat,Tam,Bəli,Xeyr
75300,$,Bakı,Toyota,Land Cruiser,2018,Offroader / SUV,Qara,4,282,Benzin,0,Avtomat,Tam,Bəli,Xeyr
11000,AZN,Bakı,Opel,Corsa,2006,Hetçbek / Liftbek,Qara,1.2,80,Benzin,77500,Avtomat,Ön,Xeyr,Xeyr
16600,$,Bakı,Volkswagen,Passat,2016,Sedan,Qara,1.8,180,Benzin,55000,Avtomat,Ön,Xeyr,Xeyr
22800,AZN,Bakı,Toyota,Corolla,2015,Sedan,Qırmızı,1.8,128,Benzin,46000,Avtomat,Ön,Xeyr,Xeyr
12500,AZN,Bakı,BMW,528,1998,Sedan,Tünd qırmızı,2.8,193,Benzin,410000,Avtomat,Arxa,Xeyr,Bəli
22900,$,Naxçıvan,Hyundai,Grandeur,2013,Sedan,Ağ,3,250,Benzin,103281,Avtomat,Ön,Xeyr,Xeyr
50500,$,Bakı,Mercedes,E 220,2017,Sedan,Qara,2.2,196,Dizel,21000,Avtomat,Arxa,Xeyr,Xeyr
51500,$,Bakı,Land Rover,Range Rover,2012,Offroader / SUV,Qara,5,510,Benzin,80000,Avtomat,Tam,Xeyr,Xeyr
8800,AZN,Qusar,UAZ,39625,2008,Yük maşını,Ağ,2.9,95,Benzin,200000,Mexaniki,Tam,Xeyr,Bəli
19000,AZN,Bakı,Kia,Sportage,2009,Offroader / SUV,Ağ,2,141,Benzin,119800,Avtomat,Ön,Xeyr,Xeyr
11800,AZN,Bakı,Renault,Scenic,2006,Minivan,Gümüşü,1.5,110,Dizel,215000,Mexaniki,Ön,Xeyr,Bəli
22000,AZN,Bakı,Ford,Transit,2001,Van,Gümüşü,2.4,140,Dizel,248000,Mexaniki,Arxa,Xeyr,Xeyr
17900,AZN,Bakı,Hyundai,Accent,2014,Hetçbek / Liftbek,Boz,1.6,156,Benzin,46200,Avtomat,Ön,Xeyr,Xeyr
2500,AZN,Bakı,LADA (VAZ),2106,1981,Sedan,Ağ,1.6,75,Benzin,258000,Mexaniki,Tam,Xeyr,Xeyr
16400,AZN,Bakı,Hyundai,Sonata,2006,Sedan,Ağ,2,166,Dizel,147000,Avtomat,Ön,Xeyr,Bəli
5300,AZN,Bakı,LADA (VAZ),2107,2006,Sedan,Göy,1.6,75,Benzin,87000,Mexaniki,Arxa,Xeyr,Xeyr
3200,AZN,Oğuz,LADA (VAZ),2106,1989,Sedan,Ağ,1.6,75,Benzin,820000,Mexaniki,Arxa,Xeyr,Xeyr
188800,$,Bakı,Lexus,LX 570,2018,Offroader / SUV,Qara,5.7,388,Benzin,0,Avtomat,Tam,Bəli,Bəli
15500,AZN,Bakı,BMW,320,2005,Sedan,Qara,2,170,Benzin,169000,Avtomat,Arxa,Xeyr,Xeyr
17300,AZN,Bakı,Kia,Rio,2013,Sedan,Gümüşü,1.4,107,Benzin,130000,Avtomat,Ön,Xeyr,Xeyr
6600,AZN,Bakı,Mercedes,190,1992,Sedan,Boz,2.3,136,Benzin,420000,Avtomat,Arxa,Xeyr,Xeyr
67300,$,Bakı,Lexus,LX 570,2013,Offroader / SUV,Ağ,5.7,383,Benzin,78000,Avtomat,Tam,Xeyr,Bəli
22500,$,Bakı,Hyundai,Genesis,2013,Sedan,Qara,3.8,333,Benzin,75000,Avtomat,Ön,Xeyr,Bəli
26900,$,Bakı,Toyota,Prado,2012,Offroader / SUV,Ağ,2.7,167,Benzin,91000,Avtomat,Tam,Xeyr,Bəli
75900,$,Bakı,Toyota,Land Cruiser,2018,Offroader / SUV,Ağ,4,282,Benzin,0,Avtomat,Tam,Bəli,Bəli
47000,$,Bakı,BMW,X5 M,2011,Offroader / SUV,Göy,4.4,555,Benzin,45000,Avtomat,Tam,Xeyr,Bəli
62000,$,Bakı,BMW,420,2017,Kupe,Qara,2,190,Dizel,10243,Avtomat,Arxa,Xeyr,Bəli
9000,AZN,Bakı,Mercedes,C 180,1996,Sedan,Qara,1.8,122,Benzin,355000,Avtomat,Arxa,Xeyr,Xeyr
58000,$,Bakı,Mercedes,GL 500,2013,Offroader / SUV,Qara,4.7,435,Benzin,102000,Avtomat,Tam,Xeyr,Xeyr
26000,AZN,Sumqayıt,Iveco,Otoyol,2002,Avtobus,Ağ,3.9,150,Dizel,215000,Mexaniki,Arxa,Xeyr,Xeyr
4950,AZN,Bakı,LADA (VAZ),2107,2006,Sedan,Ağ,1.6,75,Benzin,175000,Mexaniki,Arxa,Xeyr,Xeyr
17300,$,Bakı,Chevrolet,Malibu,2016,Sedan,Göy,1.5,180,Benzin,34000,Avtomat,Ön,Xeyr,Xeyr
61000,$,Bakı,Mercedes,E 220,2018,Sedan,Qara,2.2,195,Dizel,1400,Avtomat,Arxa,Xeyr,Bəli
79000,$,Bakı,Land Rover,Discovery,2017,Offroader / SUV,Boz,3,256,Dizel,0,Avtomat,Tam,Bəli,Bəli
34800,$,Bakı,Toyota,Prado,2014,Offroader / SUV,Ağ,2.7,167,Benzin,99000,Avtomat,Tam,Xeyr,Xeyr
138500,$,Bakı,Lexus,LX 570,2016,Offroader / SUV,Ağ,5.7,385,Benzin,14800,Avtomat,Tam,Xeyr,Bəli
32500,$,Bakı,Toyota,Prado,2009,Offroader / SUV,Qara,4,250,Benzin,209600,Avtomat,Tam,Xeyr,Xeyr
38800,$,Bakı,Mercedes,E 200,2014,Sedan,Qara,2,211,Benzin,110780,Avtomat,Tam,Xeyr,Xeyr
11777,AZN,Bakı,Audi,TT,2000,Kupe,Gümüşü,1.8,225,Benzin,244000,Mexaniki,Tam,Xeyr,Xeyr
19800,AZN,Bakı,Hyundai,Elantra,2014,Sedan,Göy,1.8,150,Benzin,72841,Avtomat,Ön,Xeyr,Xeyr
33000,AZN,Bakı,Hyundai,Grandeur,2013,Sedan,Ağ,3,250,Benzin,90000,Avtomat,Ön,Xeyr,Xeyr
62500,$,Bakı,Lexus,LX 570,2012,Offroader / SUV,Ağ,5.7,383,Benzin,87000,Avtomat,Tam,Xeyr,Xeyr
10500,AZN,Bakı,Mercedes,C 180,1999,Universal,Gümüşü,1.8,122,Benzin,325000,Avtomat,Arxa,Xeyr,Xeyr
28500,$,Bakı,BMW,750,2011,Sedan,Qara,4.4,407,Benzin,139000,Avtomat,Arxa,Xeyr,Xeyr
2600,AZN,Bakı,LADA (VAZ),2106,1989,Sedan,Mavi,1.5,65,Benzin,178230,Mexaniki,Arxa,Xeyr,Xeyr
11700,AZN,Bakı,Nissan,Sunny,2007,Sedan,Qara,1.3,110,Benzin,128000,Avtomat,Ön,Xeyr,Xeyr
93900,$,Bakı,Toyota,Land Cruiser,2018,Offroader / SUV,Qara,4.5,272,Benzin,0,Avtomat,Tam,Bəli,Bəli
25500,AZN,Bakı,Hyundai,Azera,2012,Sedan,Qara,2.4,175,Benzin,157500,Avtomat,Ön,Xeyr,Xeyr
15300,AZN,Sumqayıt,Toyota,Corolla,2007,Sedan,Göy,1.6,122,Benzin,178000,Avtomat,Ön,Xeyr,Bəli
16500,AZN,Bakı,Ravon,Nexia R3,2017,Sedan,Ağ,1.5,107,Benzin,77000,Mexaniki,Ön,Xeyr,Xeyr
10900,AZN,Bakı,Renault,Megane,2005,Universal,Qara,1.5,108,Dizel,243000,Mexaniki,Ön,Xeyr,Xeyr
5200,AZN,Bakı,LADA (VAZ),2107,2004,Sedan,Ağ,1.6,75,Benzin,214000,Mexaniki,Arxa,Xeyr,Bəli
18500,AZN,Bakı,Hyundai,Genesis Coupe,2009,Kupe,Ağ,2,245,Benzin,242000,Avtomat,Ön,Xeyr,Xeyr
63000,$,Bakı,Mercedes,E 300,2017,Sedan,Ağ,2,256,Benzin,17275,Avtomat,Ön,Xeyr,Bəli
76500,$,Bakı,Toyota,Land Cruiser,2018,Offroader / SUV,Ağ,4,282,Benzin,0,Avtomat,Tam,Bəli,Bəli
22500,$,Bakı,Honda,Pilot,2013,Offroader / SUV,Qara,3.5,250,Benzin,130000,Avtomat,Tam,Xeyr,Bəli
59600,$,Bakı,Toyota,Prado,2018,Offroader / SUV,Ağ,4,282,Benzin,0,Avtomat,Tam,Bəli,Bəli
59000,$,Bakı,Mercedes,S 350,2012,Sedan,Qara,3.5,306,Benzin,25000,Avtomat,Arxa,Xeyr,Bəli
76500,$,Bakı,Toyota,Land Cruiser,2018,Offroader / SUV,Qara,4,282,Benzin,0,Avtomat,Tam,Bəli,Bəli
7800,AZN,Bakı,LADA (VAZ),21011,1976,Sedan,Qırmızı,1.3,65,Benzin,86000,Mexaniki,Arxa,Xeyr,Xeyr
13500,AZN,Bakı,Kia,Cerato,2010,Sedan,Ağ,1.6,136,Benzin,165000,Avtomat,Ön,Xeyr,Xeyr
15000,$,Bakı,Mercedes,GL 450,2007,Offroader / SUV,Qara,4.5,350,Benzin,165000,Avtomat,Tam,Xeyr,Xeyr
3700,AZN,Bakı,Tofas,Sahin,2006,Sedan,Tünd qırmızı,1.6,86,Benzin,180658,Mexaniki,Arxa,Xeyr,Xeyr
23500,$,Bakı,Mitsubishi,Pajero,2013,Offroader / SUV,Qara,3.2,200,Dizel,94000,Avtomat,Tam,Xeyr,Xeyr
9600,AZN,Bakı,LADA (VAZ),Niva,2013,Offroader / SUV,Tünd qırmızı,1.7,80,Benzin,124000,Mexaniki,Tam,Xeyr,Xeyr
2500,AZN,Şəki,LADA (VAZ),2101,1982,Sedan,Ağ,1.3,65,Benzin,120000,Mexaniki,Arxa,Xeyr,Xeyr
42500,$,Bakı,Toyota,Camry,2018,Sedan,Qara,2.5,181,Benzin,0,Avtomat,Ön,Bəli,Bəli
42500,$,Bakı,Toyota,Camry,2018,Offroader / SUV,Ağ,2.5,181,Benzin,0,Avtomat,Ön,Bəli,Bəli
30300,$,Bakı,Infiniti,Q50,2016,Sedan,Boz,2.2,170,Dizel,3800,Avtomat,Ön,Xeyr,Bəli
36500,$,Bakı,Toyota,FJ Cruiser,2013,Offroader / SUV,Ağ,4,252,Benzin,64000,Avtomat,Tam,Xeyr,Xeyr
23200,$,Bakı,Toyota,Prado,2008,Offroader / SUV,Qara,4,250,Benzin,138000,Avtomat,Tam,Xeyr,Bəli
177000,$,Bakı,Porsche,Panamera Turbo,2017,Sedan,Qara,4,550,Benzin,5600,Avtomat,Tam,Xeyr,Xeyr
37500,AZN,Bakı,Hyundai,Sonata,2016,Sedan,Qara,2,274,Benzin,34200,Avtomat,Ön,Xeyr,Xeyr
9800,$,Bakı,Mercedes,B 170,2008,Hetçbek / Liftbek,Qara,1.7,115,Benzin,40000,Avtomat,Ön,Xeyr,Xeyr
18500,AZN,Bakı,LADA (VAZ),Priora,2017,Sedan,Ağ,1.6,106,Benzin,58000,Mexaniki,Ön,Xeyr,Xeyr
27500,$,Bakı,Hyundai,Equus,2012,Sedan,Qara,3.8,306,Benzin,73000,Avtomat,Arxa,Xeyr,Xeyr
24500,AZN,Bakı,Toyota,Corolla,2014,Sedan,Ağ,1.8,140,Benzin,84000,Avtomat,Ön,Xeyr,Xeyr
16700,AZN,Bakı,Kia,Cerato,2011,Sedan,Bənövşəyi,2,162,Benzin,130000,Avtomat,Ön,Xeyr,Bəli
11600,AZN,Bakı,Opel,Astra,2006,Universal,Gümüşü,1.3,90,Dizel,184000,Mexaniki,Ön,Xeyr,Xeyr
8600,AZN,Bakı,Chevrolet,Aveo,2010,Sedan,Qara,1.4,107,Benzin,275000,Mexaniki,Ön,Xeyr,Xeyr
110000,$,Bakı,Toyota,Land Cruiser,2018,Offroader / SUV,Qara,4.6,309,Benzin,0,Avtomat,Tam,Bəli,Bəli
6200,AZN,Xudat,LADA (VAZ),2104,2002,Universal,Ağ,1.5,75,Dizel,115255,Mexaniki,Arxa,Xeyr,Xeyr
16900,AZN,Bakı,Hyundai,Grandeur,2008,Sedan,Qara,2.7,195,Benzin,240000,Avtomat,Ön,Xeyr,Bəli
29800,$,Bakı,Toyota,Fortuner,2016,Offroader / SUV,Ağ,2.7,167,Benzin,26000,Avtomat,Tam,Xeyr,Bəli
7500,AZN,Bakı,BMW,320,1996,Sedan,Yaşıl,2,150,Benzin,375600,Avtomat,Arxa,Xeyr,Xeyr
8650,AZN,Bakı,Opel,Astra,1999,Universal,Yaşıl,1.6,101,Benzin,428117,Mexaniki,Ön,Xeyr,Xeyr
7625,AZN,Bakı,Opel,Astra,1999,Universal,Göy,1.6,101,Benzin,222222,Mexaniki,Ön,Xeyr,Xeyr
49500,$,Bakı,Mercedes,C 63 AMG,2013,Sedan,Qara,6.3,585,Benzin,42000,Avtomat,Arxa,Xeyr,Bəli
32000,$,Bakı,Ford,Mustang,2016,Kupe,Gümüşü,2.3,317,Benzin,33000,Avtomat,Arxa,Xeyr,Xeyr
47000,$,Bakı,Maserati,Quattroporte,2011,Sedan,Qara,4.7,555,Benzin,87000,Avtomat,Arxa,Xeyr,Xeyr
6500,AZN,Bakı,LADA (VAZ),2107,2009,Sedan,Tünd qırmızı,1.6,75,Benzin,37800,Mexaniki,Arxa,Xeyr,Bəli
13500,AZN,Bakı,Mercedes,S 320,2002,Sedan,Qara,3.2,205,Dizel,350000,Avtomat,Arxa,Xeyr,Xeyr
12300,AZN,Bakı,LADA (VAZ),Niva,2015,Offroader / SUV,Göy,1.7,80,Benzin,50700,Mexaniki,Tam,Xeyr,Xeyr
5700,AZN,Bakı,Daewoo,Damas,2007,Furqon,Ağ,0.8,100,Benzin,186000,Mexaniki,Arxa,Xeyr,Xeyr
5700,AZN,Bakı,Mercedes,190,1991,Sedan,Yaş Asfalt,2,122,Benzin,434059,Avtomat,Arxa,Xeyr,Xeyr
35000,$,Bakı,Land Rover,RR Sport,2011,Offroader / SUV,Qəhvəyi,5,375,Benzin,82000,Avtomat,Tam,Xeyr,Bəli
24900,AZN,Bakı,Kia,Sportage,2010,Offroader / SUV,Ağ,2,166,Benzin,125000,Avtomat,Tam,Xeyr,Xeyr
4750,AZN,Bakı,Opel,Astra,1996,Universal,Qara,1.6,101,Benzin,295632,Mexaniki,Ön,Xeyr,Xeyr
15800,AZN,Bakı,Mercedes,E 240,2000,Sedan,Göy,2.6,170,Benzin,327000,Avtomat,Arxa,Xeyr,Xeyr
32500,AZN,Bakı,Toyota,Prado,2008,Offroader / SUV,Qara,2.7,167,Benzin,133500,Avtomat,Tam,Xeyr,Xeyr
22500,$,Bakı,Mazda,3,2018,Sedan,Ağ,1.5,125,Benzin,0,Avtomat,Ön,Bəli,Bəli
14500,AZN,Bakı,Mercedes,E 280,2000,Sedan,Gümüşü,2.8,193,Benzin,276000,Avtomat,Arxa,Xeyr,Xeyr
46500,$,Bakı,Porsche,Cayenne,2014,Offroader / SUV,Ağ,3.6,310,Benzin,68218,Avtomat,Tam,Xeyr,Xeyr
18900,$,Bakı,Mercedes,S 350,2007,Sedan,Qara,3.5,272,Benzin,298000,Avtomat,Arxa,Xeyr,Bəli
34800,$,Bakı,Toyota,Prado,2014,Offroader / SUV,Ağ,2.7,167,Benzin,99000,Avtomat,Tam,Xeyr,Xeyr
32500,$,Bakı,Land Rover,RR Sport,2010,Offroader / SUV,Qara,5,510,Benzin,105000,Avtomat,Tam,Xeyr,Bəli
13500,AZN,Sumqayıt,Hyundai,Sonata,2005,Sedan,Qara,2.4,165,Benzin,292000,Avtomat,Ön,Xeyr,Xeyr
57500,$,Bakı,Mercedes,CLS 400,2016,Sedan,Ağ,3,333,Benzin,16600,Avtomat,Arxa,Xeyr,Bəli
30000,$,Bakı,Mercedes,E 220,2013,Sedan,Qara,2.2,175,Dizel,123000,Avtomat,Arxa,Xeyr,Xeyr
24200,$,Bakı,Toyota,Prado,2008,Offroader / SUV,Qara,3,190,Dizel,165000,Avtomat,Tam,Xeyr,Xeyr
22900,$,Naxçıvan,Hyundai,Grandeur,2013,Sedan,Ağ,3,250,Benzin,103281,Avtomat,Ön,Xeyr,Xeyr
11000,AZN,Bakı,Mercedes,E 220,1997,Sedan,Göy,2.2,146,Dizel,400000,Avtomat,Arxa,Xeyr,Xeyr
62500,$,Bakı,Lexus,LX 570,2012,Offroader / SUV,Ağ,5.7,383,Benzin,87000,Avtomat,Tam,Xeyr,Xeyr
66000,$,Bakı,Porsche,Panamera GTS,2014,Hetçbek / Liftbek,Ağ,4.8,440,Benzin,80000,Avtomat,Tam,Xeyr,Xeyr
6200,AZN,Bakı,LADA (VAZ),2107,2010,Sedan,Ağ,1.6,75,Benzin,65000,Mexaniki,Arxa,Xeyr,Xeyr
33900,AZN,Bakı,Mercedes,E 220,2010,Sedan,Gümüşü,2.2,177,Dizel,208000,Avtomat,Arxa,Xeyr,Xeyr
108900,$,Bakı,Toyota,Land Cruiser,2018,Offroader / SUV,Qara,4.6,309,Benzin,0,Avtomat,Tam,Bəli,Bəli
24500,$,Bakı,Mitsubishi,Pajero,2013,Offroader / SUV,Qəhvəyi,3,190,Benzin,66000,Avtomat,Tam,Xeyr,Xeyr
50900,$,Bakı,Mazda,CX-9,2018,Offroader / SUV,Göy,2.5,231,Benzin,0,Avtomat,Tam,Bəli,Bəli
5000,AZN,Bakı,Tofas,Sahin,2004,Sedan,Qara,1.6,86,Benzin,926460,Mexaniki,Arxa,Xeyr,Xeyr
22900,$,Bakı,Toyota,Prado,2008,Offroader / SUV,Qara,4,249,Benzin,122000,Avtomat,Tam,Xeyr,Bəli
25800,AZN,Bakı,Ford,Focus,2018,Sedan,Ağ,1.6,135,Benzin,38000,Avtomat,Ön,Xeyr,Bəli
3000,AZN,Bakı,Daewoo,Tico,1995,Hetçbek / Liftbek,Göy,0.8,65,Benzin,250000,Mexaniki,Ön,Xeyr,Xeyr
34900,$,Bakı,Mazda,6,2018,Sedan,Ağ,2.5,192,Benzin,0,Avtomat,Ön,Bəli,Bəli
5200,AZN,Bakı,LADA (VAZ),2107,2008,Sedan,Ağ,1.6,75,Benzin,175648,Mexaniki,Arxa,Xeyr,Xeyr
38900,$,Bakı,Mazda,CX-5,2018,Offroader / SUV,Göy,2.5,192,Benzin,0,Avtomat,Tam,Bəli,Bəli
23900,AZN,Sumqayıt,Toyota,Camry,2011,Sedan,Ağ,2.4,165,Benzin,109000,Avtomat,Ön,Xeyr,Xeyr
4500,AZN,Şəki,LADA (VAZ),2106,1999,Sedan,Ağ,1.5,65,Benzin,180000,Mexaniki,Arxa,Xeyr,Xeyr
29500,AZN,Bakı,Kia,Optima,2013,Sedan,Ağ,2.4,180,Benzin,125700,Avtomat,Ön,Xeyr,Xeyr
18200,AZN,Bakı,Mercedes,ML 270,2002,Offroader / SUV,Gümüşü,2.7,163,Dizel,236544,Avtomat,Tam,Xeyr,Xeyr
8900,AZN,Bakı,LADA (VAZ),Niva,2013,Offroader / SUV,Ağ,1.7,80,Benzin,148000,Mexaniki,Tam,Xeyr,Xeyr
9200,AZN,Bakı,BMW,523,1999,Sedan,Qızılı,2.5,170,Benzin,205000,Avtomat,Arxa,Xeyr,Xeyr
10600,AZN,Bakı,LADA (VAZ),Niva,2014,Offroader / SUV,Ağ,1.7,80,Benzin,92000,Mexaniki,Tam,Xeyr,Xeyr
26500,AZN,Bakı,GAZ,330202-740,2018,Yük maşını,Ağ,2.7,106,Benzin,0,Mexaniki,Arxa,Bəli,Xeyr
1400,AZN,Quba,LADA (VAZ),2106,1977,Sedan,Ağ,1.3,65,Benzin,754236,Mexaniki,Arxa,Xeyr,Xeyr
17000,AZN,Şəki,Ford,Transit,1998,Furqon,Ağ,2.5,140,Dizel,390500,Mexaniki,Arxa,Xeyr,Xeyr
16500,AZN,Xırdalan,Ravon,R4,2017,Sedan,Qara,1.5,107,Benzin,70000,Avtomat,Ön,Xeyr,Xeyr
7800,AZN,Bakı,BMW,735,1996,Sedan,Göy,3.5,244,Benzin,400000,Avtomat,Arxa,Xeyr,Xeyr
19800,AZN,Mingəçevir,Volkswagen,Jetta,2016,Sedan,Göy,1.4,150,Benzin,50000,Avtomat,Ön,Xeyr,Xeyr
11700,AZN,Bakı,Renault,Megane,2007,Universal,Gümüşü,1.5,110,Dizel,185800,Mexaniki,Ön,Xeyr,Xeyr
180000,$,Bakı,Mercedes,G 63 AMG,2015,Offroader / SUV,Ağ,5.5,544,Benzin,0,Avtomat,Tam,Bəli,Xeyr
19700,AZN,Bakı,LADA (VAZ),Niva,2018,Offroader / SUV,Göy,1.7,80,Benzin,0,Mexaniki,Tam,Bəli,Bəli
67500,$,Bakı,Mercedes,G 55 AMG,2009,Offroader / SUV,Ağ,5.5,507,Benzin,43000,Avtomat,Tam,Xeyr,Bəli
56000,$,Bakı,Land Rover,RR Evoque,2016,Offroader / SUV,Ağ,2,240,Benzin,0,Avtomat,Tam,Bəli,Bəli
21900,AZN,Bakı,Hyundai,i30,2013,Hetçbek / Liftbek,Gümüşü,1.6,132,Benzin,132000,Avtomat,Ön,Xeyr,Xeyr
33000,AZN,Bakı,Hyundai,Grandeur,2013,Sedan,Ağ,3,250,Benzin,90000,Avtomat,Ön,Xeyr,Xeyr
12500,$,Bakı,Mercedes,E 320,2000,Sedan,Gümüşü,3.2,224,Benzin,231000,Avtomat,Arxa,Xeyr,Bəli
46000,$,Bakı,Mercedes,E 200,2016,Sedan,Ağ,2,194,Dizel,42000,Avtomat,Arxa,Xeyr,Xeyr
9800,AZN,Bakı,Renault,Scenic,2006,Minivan,Tünd qırmızı,1.5,109,Dizel,313500,Mexaniki,Ön,Xeyr,Bəli
31900,AZN,Bakı,Chevrolet,Captiva,2014,Offroader / SUV,Ağ,2.4,182,Benzin,57600,Avtomat,Tam,Xeyr,Xeyr
11000,AZN,Bakı,Skoda,Fabia,2013,Universal,Ağ,1.2,70,Benzin,185900,Mexaniki,Ön,Xeyr,Xeyr
8600,AZN,Bakı,Chevrolet,Aveo,2010,Sedan,Qara,1.4,107,Benzin,275000,Mexaniki,Ön,Xeyr,Xeyr
18650,AZN,Bakı,Ford,Transit,2010,Furqon,Göy,2.4,140,Dizel,168600,Mexaniki,Arxa,Xeyr,Xeyr
59000,$,Bakı,Toyota,Land Cruiser,2014,Offroader / SUV,Ağ,4.5,282,Dizel,26000,Avtomat,Tam,Xeyr,Xeyr
25500,AZN,Bakı,Mercedes,E 200,2006,Sedan,Gümüşü,2,184,Benzin,138200,Avtomat,Arxa,Xeyr,Xeyr
3350,AZN,Bakı,LADA (VAZ),2107,1998,Sedan,Göy,1.6,75,Benzin,315000,Mexaniki,Arxa,Xeyr,Xeyr
17500,AZN,Şirvan,Hyundai,Elantra,2011,Sedan,Ağ,1.8,150,Benzin,165000,Avtomat,Ön,Xeyr,Xeyr
2800,AZN,Bərdə,LADA (VAZ),21011,1986,Sedan,Qırmızı,1.3,65,Benzin,248596,Mexaniki,Arxa,Xeyr,Xeyr
14800,$,Bakı,Mercedes,E 350,2008,Sedan,Ağ,3.5,272,Benzin,180000,Avtomat,Arxa,Xeyr,Xeyr
14300,AZN,Bakı,Mitsubishi,Lancer,2010,Sedan,Gümüşü,2,190,Benzin,164000,Avtomat,Ön,Xeyr,Bəli
13200,AZN,Bakı,Chevrolet,Aveo,2012,Sedan,Gümüşü,1.4,100,Benzin,94000,Mexaniki,Ön,Xeyr,Xeyr
13000,AZN,Bakı,Chery,Tiggo,2013,Offroader / SUV,Boz,1.8,136,Benzin,132000,Avtomat,Ön,Xeyr,Xeyr
26400,$,Bakı,Toyota,Prado,2012,Offroader / SUV,Qara,2.7,167,Benzin,86254,Avtomat,Tam,Xeyr,Xeyr
46200,$,Lənkəran,Toyota,Prado,2018,Offroader / SUV,Ağ,2.7,169,Benzin,0,Avtomat,Tam,Bəli,Bəli
41000,$,Bakı,Lexus,LX 570,2008,Offroader / SUV,Qara,5.7,383,Benzin,70000,Avtomat,Tam,Xeyr,Xeyr
27800,AZN,Bakı,Toyota,Corolla,2014,Sedan,Qara,1.6,124,Benzin,54000,Avtomat,Ön,Xeyr,Xeyr
26500,AZN,Bakı,Volkswagen,Passat CC,2013,Sedan,Ağ,2,211,Benzin,109000,Avtomat,Ön,Xeyr,Xeyr
6900,AZN,Sumqayıt,LADA (VAZ),2114,2009,Hetçbek / Liftbek,Qara,1.6,80,Benzin,220000,Mexaniki,Ön,Xeyr,Bəli
5100,AZN,Bakı,LADA (VAZ),2107,2006,Sedan,Ağ,1.6,75,Benzin,512020,Mexaniki,Arxa,Xeyr,Xeyr
5000,AZN,Bakı,Opel,Astra,1997,Universal,Qara,1.8,118,Benzin,200000,Avtomat,Ön,Xeyr,Xeyr
5900,AZN,Bakı,LADA (VAZ),2107,2009,Sedan,Ağ,1.5,65,Benzin,322563,Mexaniki,Arxa,Xeyr,Xeyr
26000,$,Bakı,Infiniti,FX35,2012,Offroader / SUV,Ağ,3.5,306,Benzin,55000,Avtomat,Tam,Xeyr,Bəli
11800,AZN,Şəki,Mercedes,C 230,2000,Sedan,Qara,2.3,150,Benzin,260000,Avtomat,Arxa,Xeyr,Xeyr
21000,$,Bakı,Toyota,Camry,2012,Sedan,Qara,2.5,181,Benzin,96000,Avtomat,Ön,Xeyr,Bəli
22200,AZN,Bakı,Hyundai,Sonata,2010,Sedan,Qara,2,165,Benzin,113000,Avtomat,Ön,Xeyr,Bəli
11800,AZN,Gəncə,Mercedes,S 500,2000,Sedan,Qara,5,306,Benzin,213000,Avtomat,Arxa,Xeyr,Xeyr
20900,$,Sumqayıt,Audi,A4,2014,Sedan,Ağ,1.8,180,Benzin,102076,Avtomat,Ön,Xeyr,Bəli
67800,$,Bakı,Mercedes,GLC 250 Coupe,2018,Offroader / SUV,Ağ,2,211,Benzin,0,Avtomat,Tam,Bəli,Bəli
93000,$,Bakı,Land Rover,Discovery,2017,Offroader / SUV,Boz,3,256,Dizel,0,Avtomat,Tam,Bəli,Bəli
46800,$,Bakı,Land Rover,Discovery,2014,Offroader / SUV,Boz,3,249,Benzin,83000,Avtomat,Tam,Xeyr,Bəli
34700,$,Bakı,Mercedes,GL 550,2011,Offroader / SUV,Qara,5.5,388,Benzin,102000,Avtomat,Tam,Xeyr,Bəli
66000,$,Bakı,Porsche,Panamera GTS,2014,Hetçbek / Liftbek,Ağ,4.8,440,Benzin,80000,Avtomat,Tam,Xeyr,Xeyr
33500,AZN,Bakı,Mercedes,ML 280,2006,Offroader / SUV,Qara,3,190,Dizel,290000,Avtomat,Tam,Xeyr,Bəli
18800,AZN,Bakı,Hyundai,Elantra,2012,Sedan,Gümüşü,1.8,165,Benzin,86400,Avtomat,Ön,Xeyr,Xeyr
20000,$,Bakı,Porsche,Cayenne Turbo,2007,Offroader / SUV,Ağ,4.8,500,Benzin,114000,Avtomat,Tam,Xeyr,Xeyr
8600,AZN,Bakı,Chevrolet,Aveo,2010,Sedan,Qara,1.4,107,Benzin,275000,Mexaniki,Ön,Xeyr,Xeyr
43000,$,Bakı,Porsche,Cayenne,2013,Offroader / SUV,Ağ,3.6,300,Benzin,102000,Avtomat,Tam,Xeyr,Xeyr
42700,$,Bakı,Toyota,Camry,2018,Sedan,Qara,2.5,181,Benzin,0,Avtomat,Ön,Bəli,Xeyr
3000,AZN,Ağsu,LADA (VAZ),2106,1985,Sedan,Ağ,1.5,65,Benzin,980000,Mexaniki,Arxa,Xeyr,Xeyr
18200,AZN,Bakı,Hyundai,Sonata,2008,Sedan,Ağ,2,165,Dizel,136000,Avtomat,Ön,Xeyr,Bəli
29500,AZN,Sumqayıt,Kia,Rio,2018,Hetçbek / Liftbek,Ağ,1.4,100,Benzin,0,Avtomat,Ön,Bəli,Xeyr
9800,AZN,Bakı,LADA (VAZ),Priora,2013,Sedan,Ağ,1.6,80,Benzin,68000,Mexaniki,Ön,Xeyr,Xeyr
26500,AZN,Bakı,Hyundai,Sonata,2015,Sedan,Ağ,2.4,178,Benzin,57000,Avtomat,Arxa,Xeyr,Xeyr
31500,AZN,Bakı,Ford,Edge,2012,Offroader / SUV,Ağ,3.5,288,Benzin,146000,Avtomat,Tam,Xeyr,Xeyr
75900,AZN,Sumqayıt,Kia,Stinger,2018,Hetçbek / Liftbek,Ağ,2,255,Benzin,0,Avtomat,Arxa,Bəli,Xeyr
12800,AZN,Şəmkir,Mercedes,C 240,1999,Sedan,Ağ,2.4,170,Benzin,230000,Avtomat,Arxa,Xeyr,Xeyr
6200,AZN,Sumqayıt,Mercedes,E 200,1989,Sedan,Gümüşü,2,136,Benzin,325876,Avtomat,Arxa,Xeyr,Xeyr
14400,AZN,Bərdə,Mercedes,E 240,2001,Sedan,Göy,2.6,177,Benzin,163126,Avtomat,Arxa,Xeyr,Xeyr
10200,AZN,Bakı,LADA (VAZ),Niva,2014,Offroader / SUV,Tünd qırmızı,1.7,80,Benzin,105100,Mexaniki,Tam,Xeyr,Xeyr
38500,$,Lənkəran,Mazda,CX-5,2018,Offroader / SUV,Qırmızı,2.5,192,Benzin,0,Avtomat,Tam,Bəli,Bəli
50900,$,Lənkəran,Honda,Pilot,2018,Offroader / SUV,Qara,3,250,Benzin,0,Avtomat,Tam,Bəli,Bəli
11600,AZN,Bakı,Opel,Astra,2005,Universal,Qara,1.4,90,Benzin,200750,Mexaniki,Ön,Xeyr,Bəli
50900,$,Lənkəran,Mazda,CX-9,2018,Offroader / SUV,Qara,2.5,231,Benzin,0,Avtomat,Tam,Bəli,Bəli
39900,$,Lənkəran,Mitsubishi,Pajero,2018,Offroader / SUV,Ağ,3,220,Benzin,0,Avtomat,Tam,Bəli,Bəli
19500,AZN,Bakı,Lexus,ES 350,2007,Sedan,Ağ,3.5,300,Benzin,195000,Avtomat,Ön,Xeyr,Bəli
13000,AZN,Bakı,Volkswagen,Touareg,2004,Offroader / SUV,Gümüşü,3.2,239,Benzin,232270,Avtomat,Tam,Xeyr,Xeyr
24350,AZN,Bakı,Kia,Sportage,2010,Offroader / SUV,Qara,2,166,Benzin,117517,Avtomat,Tam,Xeyr,Xeyr
25000,AZN,Bakı,Chery,Tiggo,2018,Offroader / SUV,Göy,1.5,122,Benzin,0,Avtomat,Ön,Bəli,Bəli
28500,AZN,Bakı,Mercedes,CLK 350,2008,Sedan,Qara,3.5,272,Benzin,167000,Avtomat,Arxa,Xeyr,Xeyr
22600,$,Bakı,Mercedes,GL 550,2008,Offroader / SUV,Ağ,5.5,388,Benzin,140210,Avtomat,Tam,Xeyr,Xeyr
21900,AZN,Bakı,Chery,Tiggo,2018,Offroader / SUV,Qara,1.5,122,Benzin,0,Mexaniki,Ön,Bəli,Bəli
18200,AZN,Bakı,Volkswagen,Jetta,2012,Sedan,Ağ,2,200,Benzin,106000,Avtomat,Ön,Xeyr,Xeyr
28700,$,Bakı,Infiniti,Q50,2016,Sedan,Qara,2.2,170,Dizel,9000,Avtomat,Ön,Xeyr,Xeyr
18200,AZN,Bakı,LADA (VAZ),Niva,2018,Offroader / SUV,Qara,1.7,80,Benzin,0,Mexaniki,Tam,Bəli,Xeyr
37500,$,Bakı,Audi,Q7,2013,Offroader / SUV,Qara,3,333,Benzin,58230,Avtomat,Tam,Xeyr,Bəli
48800,$,Bakı,Toyota,Land Cruiser,2013,Offroader / SUV,Ağ,4,282,Benzin,43600,Avtomat,Tam,Xeyr,Bəli
22500,$,Bakı,Mercedes,E 350,2010,Sedan,Qara,3.5,272,Benzin,146000,Avtomat,Arxa,Xeyr,Xeyr
26800,AZN,Bakı,Hyundai,H-1,2013,Minivan,Ağ,2.4,174,Benzin,106000,Avtomat,Arxa,Xeyr,Xeyr
42700,$,Bakı,Toyota,Camry,2018,Sedan,Qara,2.5,181,Benzin,0,Avtomat,Ön,Bəli,Xeyr
26500,AZN,Bakı,Mercedes,C 180,2007,Sedan,Ağ,1.8,156,Benzin,170000,Avtomat,Arxa,Xeyr,Xeyr
28900,$,Bakı,Land Rover,Discovery,2011,Offroader / SUV,Qara,4,218,Benzin,127000,Avtomat,Tam,Xeyr,Bəli
36500,$,Bakı,BMW,328,2017,Sedan,Qara,2,270,Benzin,30000,Avtomat,Arxa,Xeyr,Xeyr
31500,AZN,Bakı,Ford,Edge,2012,Offroader / SUV,Ağ,3.5,288,Benzin,146000,Avtomat,Tam,Xeyr,Xeyr
16800,AZN,Bakı,Citroen,DS3,2012,Hetçbek / Liftbek,Ağ,1.6,120,Benzin,99000,Avtomat,Ön,Xeyr,Xeyr
77200,$,Bakı,Toyota,Land Cruiser,2018,Offroader / SUV,Ağ,4,282,Benzin,0,Avtomat,Tam,Bəli,Bəli
24800,$,Bakı,Land Rover,Range Rover,2008,Offroader / SUV,Qara,4.2,400,Benzin,165214,Avtomat,Tam,Xeyr,Xeyr
13250,AZN,Gəncə,Mercedes,E 240,1999,Sedan,Qara,2.4,170,Benzin,240000,Avtomat,Arxa,Xeyr,Xeyr
25000,AZN,Bakı,Chery,Tiggo,2018,Offroader / SUV,Qırmızı,1.5,122,Benzin,0,Avtomat,Ön,Bəli,Bəli
15300,$,Bakı,Hyundai,Sonata,2014,Sedan,Qara,2.4,180,Benzin,23500,Avtomat,Ön,Xeyr,Xeyr
3500,AZN,Bakı,LADA (VAZ),2106,1984,Sedan,Göy,1.6,75,Benzin,230000,Mexaniki,Arxa,Xeyr,Xeyr
14200,$,Bakı,Nissan,Altima,2012,Sedan,Ağ,2.5,175,Benzin,145000,Avtomat,Ön,Xeyr,Bəli
23800,$,Bakı,Mercedes,E 350,2010,Sedan,Gümüşü,3.5,306,Benzin,66800,Avtomat,Arxa,Xeyr,Bəli
24000,AZN,Bakı,Chery,Tiggo,2018,Offroader / SUV,Ağ,1.5,122,Benzin,0,Avtomat,Ön,Bəli,Bəli
48500,$,Bakı,Mercedes,CLS 63 AMG,2012,Sedan,Ağ,5.5,557,Benzin,98000,Avtomat,Arxa,Xeyr,Bəli
22800,$,Bakı,Mercedes,S 550,2007,Sedan,Qara,5.5,388,Benzin,151426,Avtomat,Arxa,Xeyr,Xeyr
22700,AZN,Bakı,Infiniti,FX35,2008,Offroader / SUV,Ağ,3.5,280,Benzin,135000,Avtomat,Tam,Xeyr,Xeyr
5200,AZN,Bakı,LADA (VAZ),21099,1999,Sedan,Qara,1.5,75,Benzin,189000,Mexaniki,Ön,Xeyr,Xeyr
25500,$,Bakı,Land Rover,Range Rover,2007,Offroader / SUV,Qara,4.2,400,Benzin,124580,Avtomat,Tam,Xeyr,Xeyr
26500,$,Bakı,Mercedes,200,1975,Sedan,Qəhvəyi,2,120,Benzin,72000,Avtomat,Arxa,Xeyr,Xeyr
77200,$,Bakı,Lexus,LX 570,2014,Offroader / SUV,Ağ,5.7,383,Benzin,64000,Avtomat,Tam,Xeyr,Bəli
3300,AZN,İsmayıllı,LADA (VAZ),2107,1993,Sedan,Qara,1.5,65,Benzin,120000,Mexaniki,Arxa,Xeyr,Xeyr
3800,AZN,Bakı,Hyundai,Sonata,2003,Sedan,Ağ,2,165,Benzin,205000,Avtomat,Ön,Xeyr,Xeyr
94500,$,Bakı,Toyota,Land Cruiser,2017,Offroader / SUV,Ağ,4.6,309,Benzin,2750,Avtomat,Arxa,Xeyr,Xeyr
36900,$,Bakı,Audi,Q7,2013,Offroader / SUV,Ağ,3,333,Benzin,93000,Avtomat,Tam,Xeyr,Bəli
10100,AZN,Bakı,LADA (VAZ),Priora,2013,Sedan,Ağ,1.6,98,Benzin,128000,Mexaniki,Ön,Xeyr,Xeyr
33500,$,Bakı,Toyota,Prado,2014,Offroader / SUV,Boz,2.7,167,Benzin,53000,Avtomat,Tam,Xeyr,Bəli
19600,$,Bakı,Mazda,6,2014,Sedan,Ağ,2,165,Benzin,125000,Avtomat,Ön,Xeyr,Bəli
26000,$,Bakı,Hyundai,Grand Santa Fe,2014,Offroader / SUV,Ağ,3.3,249,Benzin,126000,Avtomat,Tam,Xeyr,Bəli
35900,$,Bakı,Infiniti,Q50,2016,Sedan,Yaş Asfalt,2.2,170,Dizel,0,Avtomat,Ön,Bəli,Bəli
138000,$,Bakı,Mercedes,G 63 AMG,2015,Offroader / SUV,Qara,5.5,545,Benzin,15500,Avtomat,Tam,Xeyr,Xeyr
32500,$,Bakı,Land Rover,RR Sport,2010,Offroader / SUV,Qara,5,510,Benzin,105000,Avtomat,Tam,Xeyr,Bəli
69000,€,Bakı,BMW,X5,2018,Offroader / SUV,Qara,3,340,Benzin,0,Avtomat,Tam,Bəli,Xeyr
29500,$,Bakı,Mercedes,S 63 AMG,2008,Sedan,Ağ,6.2,525,Benzin,78000,Avtomat,Arxa,Xeyr,Bəli
66000,$,Bakı,Porsche,Panamera GTS,2014,Hetçbek / Liftbek,Ağ,4.8,440,Benzin,80000,Avtomat,Tam,Xeyr,Xeyr
25250,$,Bakı,Hyundai,Sonata,2017,Sedan,Ağ,2.4,178,Benzin,9065,Avtomat,Ön,Xeyr,Xeyr
8600,AZN,Bakı,Chevrolet,Aveo,2010,Sedan,Qara,1.4,107,Benzin,275000,Mexaniki,Ön,Xeyr,Xeyr
17900,AZN,Bakı,Kia,Sorento,2007,Offroader / SUV,Qara,3.8,262,Benzin,174500,Avtomat,Tam,Xeyr,Xeyr
35000,$,Bakı,Audi,TT,2013,Kupe,Yaş Asfalt,2,211,Benzin,43500,Avtomat,Tam,Xeyr,Xeyr
25800,AZN,Bakı,Mercedes,Sprinter 316,2010,Furqon,Ağ,2.2,157,Dizel,270400,Mexaniki,Arxa,Xeyr,Xeyr
18400,AZN,Bakı,Kia,Cerato,2012,Sedan,Qara,1.6,132,Benzin,87618,Avtomat,Ön,Xeyr,Xeyr
23200,$,Bakı,Toyota,Prado,2008,Offroader / SUV,Qara,4,250,Benzin,138000,Avtomat,Tam,Xeyr,Bəli
77200,$,Bakı,Toyota,Land Cruiser,2018,Offroader / SUV,Qara,4,282,Benzin,0,Avtomat,Tam,Bəli,Bəli
6700,AZN,Zaqatala,LADA (VAZ),2107,2009,Sedan,Ağ,1.6,75,Benzin,84300,Mexaniki,Arxa,Xeyr,Xeyr
27800,AZN,Bakı,Kia,Optima,2013,Sedan,Qara,2,274,Benzin,82000,Avtomat,Ön,Xeyr,Xeyr
4200,AZN,Bakı,LADA (VAZ),2107,2003,Sedan,Bənövşəyi,1.6,75,Benzin,340000,Mexaniki,Arxa,Xeyr,Xeyr
7000,AZN,Oğuz,Opel,Meriva,2006,Minivan,Qara,1.6,122,Benzin,180000,Mexaniki,Ön,Xeyr,Xeyr
21260,AZN,Bakı,Ravon,Nexia R3,2017,Sedan,Qara,1.5,107,Benzin,40000,Mexaniki,Ön,Xeyr,Xeyr
29000,AZN,Xaçmaz,Toyota,Prado,2008,Offroader / SUV,Qara,2.7,167,Benzin,124000,Avtomat,Tam,Xeyr,Xeyr
19600,$,Bakı,Mercedes,C 250,2013,Sedan,Ağ,2.5,204,Benzin,87250,Avtomat,Tam,Xeyr,Xeyr
11000,AZN,Bakı,Opel,Zafira,2000,Minivan,Qara,1.8,116,Qaz,188138,Avtomat,Ön,Xeyr,Xeyr
11500,AZN,Sumqayıt,LADA (VAZ),Niva,2014,Offroader / SUV,Ağ,1.7,80,Benzin,52850,Mexaniki,Tam,Xeyr,Bəli
8200,AZN,Bakı,Opel,Astra,1999,Hetçbek / Liftbek,Gümüşü,1.6,101,Benzin,230000,Avtomat,Ön,Xeyr,Xeyr
6500,AZN,Bakı,Peugeot,307,2004,Hetçbek / Liftbek,Qara,2,150,Benzin,150000,Avtomat,Ön,Xeyr,Xeyr
15200,AZN,Bakı,Kia,Rio,2012,Sedan,Ağ,1.4,107,Benzin,147000,Avtomat,Ön,Xeyr,Bəli
5000,AZN,Xaçmaz,LADA (VAZ),2107,2006,Sedan,Tünd qırmızı,1.6,75,Benzin,479700,Mexaniki,Arxa,Xeyr,Xeyr
13300,AZN,Bakı,Mercedes,B 170,2006,Hetçbek / Liftbek,Qara,1.7,170,Benzin,107000,Avtomat,Ön,Xeyr,Xeyr
6200,AZN,Bakı,LADA (VAZ),2107,2009,Sedan,Ağ,1.6,75,Benzin,95000,Mexaniki,Arxa,Xeyr,Xeyr
9300,AZN,Bakı,Nissan,Murano,2005,Offroader / SUV,Qara,3.5,248,Benzin,232000,Avtomat,Tam,Xeyr,Xeyr
14700,AZN,Xaçmaz,LADA (VAZ),Niva,2016,Offroader / SUV,Göy,1.8,90,Benzin,50000,Mexaniki,Tam,Xeyr,Xeyr
22500,$,Bakı,Lexus,ES 350,2011,Offroader / SUV,Ağ,3.5,280,Benzin,133000,Avtomat,Ön,Xeyr,Xeyr
2700,AZN,Şamaxı,LADA (VAZ),2107,1989,Sedan,Bənövşəyi,1.5,65,Benzin,258870,Mexaniki,Arxa,Xeyr,Xeyr
37500,$,Bakı,Lexus,RX 350,2014,Offroader / SUV,Yaş Asfalt,3.5,277,Benzin,101000,Avtomat,Tam,Xeyr,Xeyr
43200,$,Bakı,Land Rover,Range Rover,2010,Offroader / SUV,Qara,3.6,271,Dizel,116000,Avtomat,Tam,Xeyr,Xeyr
210000,$,Bakı,Mercedes,S 65 AMG,2015,Sedan,Qara,5.5,612,Benzin,5000,Avtomat,Arxa,Xeyr,Xeyr
49000,$,Bakı,Toyota,Land Cruiser,2012,Offroader / SUV,Ağ,4.6,318,Benzin,50000,Avtomat,Tam,Xeyr,Bəli
23900,AZN,Bakı,Mercedes,E 220,2008,Universal,Gümüşü,2.2,170,Dizel,196580,Avtomat,Arxa,Xeyr,Xeyr
43200,$,Bakı,Toyota,Camry,2018,Sedan,Ağ,2.5,181,Benzin,0,Avtomat,Arxa,Bəli,Xeyr
4650,AZN,Bakı,Opel,Astra,1992,Hetçbek / Liftbek,Boz,1.8,118,Benzin,225000,Avtomat,Ön,Xeyr,Xeyr
41000,$,Bakı,Maserati,Quattroporte,2012,Sedan,Yaş Asfalt,4.7,450,Benzin,90000,Avtomat,Arxa,Xeyr,Xeyr
11000,AZN,Bakı,Skoda,Fabia,2013,Universal,Ağ,1.2,70,Benzin,185900,Mexaniki,Ön,Xeyr,Xeyr
34000,$,Bakı,Mercedes,CLS 55 AMG,2011,Sedan,Qara,4.7,550,Benzin,57000,Avtomat,Arxa,Xeyr,Xeyr
38500,$,Bakı,Mercedes,E 200,2015,Sedan,Ağ,2,184,Benzin,68000,Avtomat,Arxa,Xeyr,Xeyr
18400,AZN,Bakı,Kia,Cerato,2012,Sedan,Qara,1.6,132,Benzin,87618,Avtomat,Ön,Xeyr,Xeyr
20500,AZN,Bakı,Mercedes,ML 500,2002,Offroader / SUV,Göy,5,350,Benzin,311000,Avtomat,Tam,Xeyr,Bəli
40500,AZN,Bakı,Hyundai,H-1,2016,Minivan,Ağ,2.5,170,Dizel,120000,Avtomat,Arxa,Xeyr,Xeyr
21500,$,Bakı,Land Rover,Discovery,2008,Offroader / SUV,Qara,2.7,190,Dizel,210000,Avtomat,Tam,Xeyr,Xeyr
40000,$,Bakı,Land Rover,Range Rover,2010,Offroader / SUV,Göy,5,510,Benzin,90000,Avtomat,Tam,Xeyr,Xeyr
33500,$,Bakı,Nissan,X-Trail,2015,Offroader / SUV,Qəhvəyi,2.5,177,Benzin,0,Avtomat,Tam,Bəli,Xeyr
29500,AZN,Bakı,Mitsubishi,L 200,2014,Pikap,Ağ,2.5,143,Dizel,148000,Mexaniki,Tam,Xeyr,Bəli
21500,AZN,Sumqayıt,Hyundai,Veracruz,2008,Offroader / SUV,Ağ,3.8,260,Benzin,247366,Avtomat,Tam,Xeyr,Bəli
41000,$,Bakı,Land Rover,Range Rover,2010,Offroader / SUV,Qara,3.6,271,Dizel,179000,Avtomat,Tam,Xeyr,Xeyr
30000,$,Bakı,Infiniti,QX60,2013,Offroader / SUV,Qara,3.5,306,Benzin,70000,Avtomat,Tam,Xeyr,Xeyr
58000,$,Bakı,Land Rover,Discovery,2015,Offroader / SUV,Ağ,3,340,Benzin,50000,Avtomat,Tam,Xeyr,Xeyr
45700,$,Bakı,Land Rover,Range Rover,2011,Offroader / SUV,Ağ,5,510,Benzin,56000,Avtomat,Tam,Xeyr,Xeyr
4300,AZN,Bakı,Mercedes,190,1990,Sedan,Boz,1.8,146,Benzin,287000,Mexaniki,Arxa,Xeyr,Xeyr
15800,AZN,Bakı,Mercedes,E 240,2000,Sedan,Qara,2.4,170,Benzin,350000,Avtomat,Arxa,Xeyr,Bəli
8200,AZN,Bakı,Mercedes,C 180,1995,Sedan,Boz,1.8,122,Benzin,254000,Avtomat,Arxa,Xeyr,Xeyr
28700,$,Bakı,Mercedes,GL 550,2009,Offroader / SUV,Qara,5.5,388,Benzin,93000,Avtomat,Tam,Xeyr,Bəli
17800,AZN,Bakı,Toyota,Camry,2008,Sedan,Ağ,2.4,176,Benzin,221000,Avtomat,Ön,Xeyr,Xeyr
12700,AZN,Gəncə,LADA (VAZ),Priora,2014,Sedan,Ağ,1.6,106,Benzin,77800,Mexaniki,Ön,Xeyr,Xeyr
26500,$,Bakı,Volkswagen,Touareg,2012,Offroader / SUV,Ağ,3.6,286,Benzin,150000,Avtomat,Tam,Xeyr,Xeyr
26500,AZN,Bakı,Hyundai,Azera,2011,Sedan,Ağ,2.4,180,Benzin,108000,Avtomat,Ön,Xeyr,Xeyr
22100,AZN,Bakı,Hyundai,Genesis Coupe,2010,Kupe,Ağ,2,210,Benzin,130000,Avtomat,Arxa,Xeyr,Bəli
